Symbol,Date,Open,High,Low,Close,Volume
ADDA,30-May-2018,50,79,-8,-6,0
ADDD,30-May-2018,1,4,-3,1,0
ADDE,30-May-2018,556,1083,556,1080,0
ADDN,30-May-2018,1144,1579,1144,1442,0
ADDQ,30-May-2018,1048,1337,800,800,0
ADDS,30-May-2018,238,356,91,356,0
ADDT,30-May-2018,2242,2941,2235,2236,0
ADDV,30-May-2018,44,52,-83,-34,0
ADDX,30-May-2018,282,341,68,322,0
ADRA,30-May-2018,2.13,2.31,0.92,0.94,0
ADRD,30-May-2018,1,3,0.25,1.25,0
ADRE,30-May-2018,2.79,3.96,2.79,3.95,0
ADRN,30-May-2018,4,8.22,4,6.15,0
ADRQ,30-May-2018,3.29,3.85,2,2,0
ADRS,30-May-2018,1.85,1.94,1.15,1.56,0
ADRT,30-May-2018,3.54,4.83,2.87,2.88,0
ADRV,30-May-2018,1.31,1.31,0.8,0.92,0
ADRX,30-May-2018,1.67,1.68,1.06,1.3,0
ADVA,30-May-2018,94,141,94,104,81385900
ADVD,30-May-2018,1,6,1,5,6400
ADVE,30-May-2018,865,1448,865,1446,1054310000
ADVN,30-May-2018,1525,1798,1525,1722,2986108000
ADVQ,30-May-2018,1505,1817,1505,1597,1267687000
ADVS,30-May-2018,518,983,518,983,215398400
ADVT,30-May-2018,3124,3730,3124,3423,4335181000
ADVV,30-May-2018,184,391,184,391,56175900
ADVX,30-May-2018,702,1374,702,1374,271574300
ASHD,30-May-2018,115,458,115,458,0
ASHF,30-May-2018,200,960,200,915,0
ASHR,30-May-2018,2.73,3.26,2.53,2.99,0
ASHU,30-May-2018,315,1394,315,1373,0
AVDA,30-May-2018,446.83,6372.93,446.83,6372.93,0
AVDD,30-May-2018,43.99,215.14,-461.4,-461.4,0
AVDE,30-May-2018,1199.05,80145.82,1199.05,80145.82,0
AVDQ,30-May-2018,3401.14,69223.82,3401.14,69030.06,0
AVDS,30-May-2018,491.52,15558.4,491.52,15558.38,0
AVDV,30-May-2018,27.2,178.83,-2919.91,-1149.15,0
AVDX,30-May-2018,518.72,14412.77,518.72,14409.23,0
AVLD,30-May-2018,2.28,182.49,2.28,180.55,0
AVLF,30-May-2018,4.11,797.06,4.11,797.06,0
AVLR,30-May-2018,2.79,5.41,1.95,5.41,0
AVLU,30-May-2018,6.39,977.61,6.39,977.61,0
AVRA,30-May-2018,5.87,6.66,3.97,4.6,0
AVRD,30-May-2018,150.82,207.86,0.01,207.86,0
AVRE,30-May-2018,1.84,4.16,1.63,4.16,0
AVRN,30-May-2018,2.69,9,2.69,7.08,0
AVRQ,30-May-2018,4.89,4.89,1.66,2.19,0
AVRS,30-May-2018,3,3.63,1.87,3.6,0
AVRT,30-May-2018,3.38,5.25,2.74,4.26,0
AVRV,30-May-2018,1.06,1.37,0.54,0.83,0
AVRX,30-May-2018,1.8,2.32,1.44,2.13,0
AVVA,30-May-2018,5.38,81.38,5.38,81.38,0
AVVD,30-May-2018,0.43,2.16,0.02,0.02,0
AVVE,30-May-2018,26.21,1054.3,26.21,1054.3,0
AVVN,30-May-2018,60.67,2986.1,60.67,2986.1,0
AVVQ,30-May-2018,42.74,1267.68,42.74,1267.68,0
AVVS,30-May-2018,7.36,215.39,7.36,215.39,0
AVVT,30-May-2018,108.8,4335.18,108.8,4335.18,0
AVVV,30-May-2018,4.28,56.17,4.28,56.17,0
AVVX,30-May-2018,11.64,271.57,11.64,271.57,0
BANK,30-May-2018,4237.53,4287.15,4234.86,4276.98,0
BCMA,30-May-2018,2811,3356,2811,3102,0
BCMC,30-May-2018,100.27,100.61,100.21,100.61,0
BCMD,30-May-2018,751,902,572,902,0
BCME,30-May-2018,286,344,266,344,0
BCMF,30-May-2018,144,241,144,202,0
BCMG,30-May-2018,43,57,30,35,0
BCMM,30-May-2018,100.54,101.41,100.54,101.11,0
BCMU,30-May-2018,218,218,84,140,0
BDMA,30-May-2018,1405,1529,1405,1527,0
BDMC,30-May-2018,100.03,100.03,99.94,99.95,0
BDMD,30-May-2018,2246,2455,2246,2455,0
BDME,30-May-2018,216,247,216,247,0
BDMF,30-May-2018,231,293,231,293,0
BDMG,30-May-2018,24,39,24,39,0
BDMM,30-May-2018,99.59,99.59,99.56,99.57,0
BDMU,30-May-2018,129,162,129,162,0
BFMA,30-May-2018,1386,1526,1386,1525,0
BFMC,30-May-2018,100.08,100.09,100.03,100.06,0
BFMD,30-May-2018,2290,2484,2290,2484,0
BFME,30-May-2018,236,286,236,286,0
BFMF,30-May-2018,216,259,216,259,0
BFMG,30-May-2018,19,33,19,33,0
BFMM,30-May-2018,99.51,99.55,99.51,99.55,0
BFMU,30-May-2018,104,136,104,135,0
BGMA,30-May-2018,2130,2315,2130,2314,0
BGMC,30-May-2018,100.06,100.08,100.04,100.04,0
BGMD,30-May-2018,1533,1674,1533,1674,0
BGME,30-May-2018,222,263,222,263,0
BGMF,30-May-2018,227,277,227,277,0
BGMG,30-May-2018,20,35,19,35,0
BGMM,30-May-2018,100.29,100.3,100.28,100.29,0
BGMU,30-May-2018,116,156,116,155,0
BKX,30-May-2018,105.42,106.93,105.33,106.59,0
BWH,30-May-2018,198.33,198.33,190.94,192.97,0
BXD,30-May-2018,326.1,327.9,325.59,327.58,0
BXM,30-May-2018,1397.88,1404.36,1397.48,1403.43,0
BXN,30-May-2018,622.61,624.01,622.08,623.73,0
BXR,30-May-2018,275.51,277.03,275.45,276.92,0
CEX,30-May-2018,604.37,610.4,604.37,609.08,0
CIV,30-May-2018,24.24,25.06,23.98,25.01,0
COMP,30-May-2018,7428.41,7473.81,7423.67,7462.45,0
CPR,30-May-2018,3.055,3.0765,3.01,3.069,161459
CYM,30-May-2018,21.95,22.24,21.95,22.21,0
DCFD,30-May-2018,41.53,67.69,40,63.07,0
DCFI,30-May-2018,56.92,63.07,55.38,63.07,0
DCOF,30-May-2018,47.69,56.92,47.69,53.84,0
DCOH,30-May-2018,49.23,56.92,47.69,55.38,0
DCSE,30-May-2018,30118.49,30320.88,29963.18,30103.27,0
DCTH,30-May-2018,52.3,58.46,50.76,58.46,0
DCTW,30-May-2018,60,73.84,58.46,72.3,0
DDA,30-May-2018,17.2,19.79,15.58,16.22,0
DDB,30-May-2018,15.62,15.78,13.53,14.88,0
DECA,30-May-2018,44,110,44,110,17656600
DECD,30-May-2018,1,4,1,4,4620400
DECE,30-May-2018,309,374,307,366,252851500
DECN,30-May-2018,381,381,217,280,421213400
DECQ,30-May-2018,457,799,438,797,577386400
DECS,30-May-2018,280,654,280,627,59814600
DECT,30-May-2018,882,1190,737,1187,1016256000
DECV,30-May-2018,140,429,140,425,67667400
DECX,30-May-2018,420,1075,420,1052,127482000
DIFD,30-May-2018,23.33,56.66,16.66,50,0
DIFI,30-May-2018,60,63.33,56.66,63.33,0
DIOF,30-May-2018,43.33,50,36.66,43.33,0
DIOH,30-May-2018,46.66,53.33,43.33,53.33,0
DITH,30-May-2018,53.33,56.66,50,56.66,0
DITW,30-May-2018,46.66,56.66,43.33,56.66,0
DIVQ,30-May-2018,2187.57,2205.2,2186.53,2201.91,0
DJC,30-May-2018,8240.06,8339.89,8240.06,8319.06,430520000
DJEC,30-May-2018,1187.7,1199.23,1183.85,1197.51,0
DJI,30-May-2018,24467.83,24714.48,24459.09,24667.78,324874200
DJT,30-May-2018,10774.84,10966.79,10770.95,10918.72,47785800
DJU,30-May-2018,689.34,696.37,686.92,694.67,57859900
DJWO,30-May-2018,392.94,395.96,391.57,395.3,0
DLTC,30-May-2018,1714.16,1720.86,1708.89,1718.16,0
DOWE,30-May-2018,1748.08,1763.98,1740.89,1758.21,0
DRCI,30-May-2018,248.92,253.09,248.32,252.29,0
DREI,30-May-2018,336.7,342.58,335.86,341.46,0
DSAE,30-May-2018,1482.05,1498.53,1478.48,1496.31,22317800
DSAF,30-May-2018,1091.92,1120.09,1091.92,1118.11,5849000
DSAG,30-May-2018,218.29,221.79,218.24,221.02,23749700
DSAI,30-May-2018,603.34,607,602.05,602.97,19775500
DSAL,30-May-2018,153.6,155.45,151.81,155.07,1664400
DSAM,30-May-2018,1502,1521.94,1502,1513.54,43288300
DSAP,30-May-2018,343.46,347.78,343.46,346.82,59364500
DSAR,30-May-2018,260.05,260.56,255.84,258.63,26376800
DSAS,30-May-2018,1614.25,1628.32,1609.1,1625.87,15961100
DSAT,30-May-2018,546.48,551.12,546.48,549.09,9690900
DSAU,30-May-2018,199.71,203.29,199.7,202.55,45929000
DSAV,30-May-2018,533.91,538.57,530.02,538.43,5118900
DSBC,30-May-2018,1155.53,1156.83,1150.86,1153.85,108837100
DSBD,30-May-2018,866.15,872.14,862.95,867.88,18131200
DSBE,30-May-2018,150.62,152.46,150.15,151.56,1709300
DSBK,30-May-2018,463.85,468.47,461.44,467.21,251593000
DSBM,30-May-2018,400.71,405.31,400.71,404.3,83050900
DSBS,30-May-2018,199.71,203.55,199.71,202.66,35205700
DSBT,30-May-2018,1940.4,1965.62,1938.48,1959.86,98003300
DSBV,30-May-2018,656.51,664.54,655.61,662.59,30210900
DSCA,30-May-2018,1035.93,1046.11,1033.67,1042.88,9725700
DSCC,30-May-2018,496.86,502.91,496.48,501.81,17724000
DSCF,30-May-2018,335.14,336.55,333.81,335.98,45108300
DSCG,30-May-2018,1167.17,1174.21,1165.9,1171.88,107573200
DSCH,30-May-2018,649.3,655.66,649.03,654.26,47845100
DSCL,30-May-2018,75.36,78.47,75.36,76.22,214000
DSCM,30-May-2018,511.47,516.61,509.23,514.87,17936200
DSCN,30-May-2018,670.42,677.01,668.93,673.98,28970600
DSCP,30-May-2018,373.46,377.32,373.43,375.31,19540500
DSCR,30-May-2018,2588.75,2594.66,2579.74,2589.27,66148100
DSCS,30-May-2018,1510.01,1525.24,1509.92,1517.69,15804400
DSCT,30-May-2018,1173.39,1176.72,1167.51,1167.71,56645400
DSCX,30-May-2018,941.03,948.02,940.66,945.19,30121000
DSCY,30-May-2018,950.55,957.42,948.92,956.05,465767200
DSDB,30-May-2018,659.75,667.42,655.6,664.01,1664400
DSDN,30-May-2018,455.69,462.19,454.99,461.48,6356600
DSDR,30-May-2018,590.62,598.04,588.67,596.19,37019500
DSDS,30-May-2018,305.23,308.97,304.11,307.43,4767400
DSDT,30-May-2018,67.78,68.69,67.5,68.26,9445000
DSDV,30-May-2018,153.49,155.56,153.49,155.12,23745100
DSEC,30-May-2018,352.3,354.37,351.32,352.79,17189400
DSEE,30-May-2018,418.19,420.56,417.41,418.34,36965000
DSEH,30-May-2018,99.58,100.9,99.2,100.05,244000
DSEN,30-May-2018,612.52,634.18,612.52,631.76,353146800
DSES,30-May-2018,183.11,185.01,182.57,184.09,4171900
DSEU,30-May-2018,241.73,244.67,241.05,244.08,84520600
DSFA,30-May-2018,444.24,448.63,443.97,447.35,41565400
DSFB,30-May-2018,549.82,556.21,548.56,554.64,89580200
DSFC,30-May-2018,147.19,148.58,146.98,148.28,23536000
DSFD,30-May-2018,376.66,381.6,375.62,380.1,25859200
DSFE,30-May-2018,599.77,606.28,599.47,604.14,18051800
DSFH,30-May-2018,374.61,376.06,371.11,373.83,3642800
DSFI,30-May-2018,1002.24,1013,1001.09,1010.48,116921100
DSFN,30-May-2018,583.08,590.26,582.73,588.71,658677900
DSFO,30-May-2018,350.77,354.79,349.54,353.62,59369200
DSFP,30-May-2018,485.34,490.91,483.65,489.28,59369200
DSFR,30-May-2018,216.51,217.53,216.04,216.66,1947200
DSFT,30-May-2018,1327.57,1345.09,1323.11,1344.24,9105700
DSFV,30-May-2018,650.89,657.59,649.13,655.9,0
DSGF,30-May-2018,1123.56,1135.62,1122.27,1132.8,116921100
DSGI,30-May-2018,441.91,446.51,441.64,445.58,80039300
DSGT,30-May-2018,1311.45,1324.51,1309.51,1323.03,198719500
DSGU,30-May-2018,292.53,298.24,292.37,296.67,6962000
DSHB,30-May-2018,812.6,815.48,796.82,797.61,12900000
DSHC,30-May-2018,891.35,901.8,891.35,899.14,269638000
DSHD,30-May-2018,258.79,260.01,257.23,259.12,9416000
DSHG,30-May-2018,554.42,558.95,552.98,556.91,39596200
DSHI,30-May-2018,380.43,386.43,379.3,384.83,10745500
DSHL,30-May-2018,134.65,136.78,134.65,136.29,17872100
DSHN,30-May-2018,607.6,615.81,607.06,614.66,13637300
DSHP,30-May-2018,1843.79,1862.46,1841.38,1856.75,33915000
DSHR,30-May-2018,2044.74,2059.84,2037.1,2051.98,17890200
DSHV,30-May-2018,430.32,440,429.82,438.83,10839300
DSIB,30-May-2018,292.55,297.24,292.53,296.09,3312800
DSID,30-May-2018,477.92,483.09,477.54,482.31,60498800
DSIF,30-May-2018,48.78,49.38,48.6,49.22,6676500
DSIG,30-May-2018,765.41,774.05,765.41,772.32,264207400
DSIL,30-May-2018,765.85,780.99,765.85,777.77,29889500
DSIM,30-May-2018,246.86,252.77,246.86,251.5,29738200
DSIN,30-May-2018,710.49,718.44,710.49,716.74,293178000
DSIO,30-May-2018,99.36,101.1,99.17,100.74,43376100
DSIP,30-May-2018,772.49,783.7,772.42,780.19,23705200
DSIQ,30-May-2018,1884.67,1901.57,1881.95,1894.99,35942000
DSIR,30-May-2018,587.47,596.62,587.47,594.43,70734000
DSIS,30-May-2018,497.11,502.91,497.11,501.6,64717300
DSIT,30-May-2018,1061.64,1085.19,1061.64,1081.19,24225600
DSIU,30-May-2018,245.63,249.59,245.24,248.57,7149800
DSIV,30-May-2018,588.24,596.61,588.24,595.14,11223600
DSIX,30-May-2018,548.61,556.7,548.36,554.66,40844500
DSLE,30-May-2018,697.88,698.42,692.78,695.41,14037600
DSLG,30-May-2018,2031.04,2064.38,2031.04,2057.64,32172700
DSLW,30-May-2018,1051.29,1062.9,1051.29,1060.2,0
DSMC,30-May-2018,1345.95,1361.75,1345.95,1356.24,88178100
DSME,30-May-2018,782.66,783.74,779.88,782.18,122454900
DSMF,30-May-2018,7.03,7.09,7,7,7849400
DSMG,30-May-2018,89.77,90.64,89.41,90.3,3520100
DSMR,30-May-2018,58.23,58.62,58.15,58.5,30359600
DSMS,30-May-2018,898.7,910.81,897.35,909.11,10974700
DSMT,30-May-2018,293.79,308.07,293.79,303.63,586500
DSMU,30-May-2018,178.56,180.3,177.91,179.95,20250900
DSNC,30-May-2018,574.63,580.05,573.7,578.76,288073800
DSNF,30-May-2018,222.72,230.48,222.72,229.01,13248000
DSNG,30-May-2018,701.67,706.91,699.32,705.53,139129000
DSNS,30-May-2018,1657.86,1670.83,1650.18,1668.43,65208400
DSOE,30-May-2018,68.6,69.45,68.14,68.37,1273900
DSOG,30-May-2018,661.02,685.75,661.02,683.23,226788500
DSOI,30-May-2018,439.52,451.87,439.52,449.02,93741400
DSOL,30-May-2018,578.37,600.27,578.37,598.64,27474100
DSOQ,30-May-2018,485.33,498.93,485.33,496.59,125144700
DSOS,30-May-2018,798.85,828.47,798.85,824.58,199314400
DSPB,30-May-2018,353.46,356.48,353.07,355.6,8498800
DSPC,30-May-2018,247.35,251.54,247.18,251.33,5451500
DSPG,30-May-2018,570.67,575.5,568.98,574.83,72150300
DSPL,30-May-2018,634.49,653.46,634.49,651.78,31403300
DSPM,30-May-2018,86.97,87.72,86.53,87.43,2940900
DSPN,30-May-2018,703.46,712.05,703.46,710.28,181459900
DSPP,30-May-2018,178.95,179.79,178.56,179.07,1947200
DSPR,30-May-2018,490.65,497.11,490.65,495.26,83456500
DSRA,30-May-2018,871.69,884.44,867.49,882.47,48812300
DSRB,30-May-2018,1681.82,1696.4,1680.16,1695.3,43101700
DSRD,30-May-2018,893.94,906.81,890.12,902.85,11160300
DSRE,30-May-2018,306,311.1,305.27,310.09,219429600
DSRH,30-May-2018,415.28,419.68,414.22,417.46,4416000
DSRI,30-May-2018,126.44,128.58,126.12,128.17,215013600
DSRL,30-May-2018,98.97,100.64,98.23,100.22,59151700
DSRN,30-May-2018,180.95,186.14,180.78,185.88,11790900
DSRP,30-May-2018,369.53,372.28,365.99,369.88,3649100
DSRQ,30-May-2018,140.3,140.78,139.31,140.27,8897000
DSRR,30-May-2018,1998.48,2038.23,1997.87,2028.71,12239900
DSRS,30-May-2018,1526.05,1539.12,1516.67,1537.45,80255500
DSRT,30-May-2018,1170.73,1182.69,1168.76,1181.15,235739100
DSRU,30-May-2018,1468.72,1478.64,1466.23,1475.6,23485100
DSSB,30-May-2018,1221.65,1236.26,1214.27,1231.43,41194700
DSSC,30-May-2018,3644.04,3669.1,3626.25,3643.1,259307300
DSSD,30-May-2018,582.62,589.08,581.65,587.13,25354600
DSSF,30-May-2018,289.65,292.19,289.37,291.49,41737500
DSSP,30-May-2018,236.13,239.26,236.08,238.6,2389600
DSSR,30-May-2018,185.36,188.23,184.88,187.52,43017900
DSST,30-May-2018,294.39,301.12,294.39,299.22,14825700
DSSV,30-May-2018,2253.81,2269.83,2247.78,2265.89,190841400
DSSW,30-May-2018,2098.3,2111.26,2088.95,2105.78,101887900
DSTB,30-May-2018,682.96,691.08,678.42,689.82,13344700
DSTC,30-May-2018,1851.81,1860.81,1848.15,1856.6,574216200
DSTK,30-May-2018,850.55,870.15,850.17,864.54,2395800
DSTL,30-May-2018,156.72,157.78,156.33,157.46,59057200
DSTP,30-May-2018,656.28,662.65,656.28,661.33,0
DSTQ,30-May-2018,1639.09,1644.42,1633.67,1637.99,383374700
DSTR,30-May-2018,84.77,85.01,83.81,84.71,3744500
DSTS,30-May-2018,282.42,287.89,282.42,286.48,3154300
DSTT,30-May-2018,747.87,754.69,742.8,751.67,6915700
DSTY,30-May-2018,1091.17,1092.62,1083.39,1086.4,10388400
DSUO,30-May-2018,261.38,264.55,260.76,263.8,28450600
DSUT,30-May-2018,255.18,258.29,254.54,257.63,112971300
DSVE,30-May-2018,242.02,244.97,241.34,244.38,84520600
DSVN,30-May-2018,474.91,485.54,474.59,484.09,3191900
DSWC,30-May-2018,316.79,318.32,315.44,317.51,35521200
DSWU,30-May-2018,1922.8,1945.71,1916.43,1935.86,1237500
DTCI,30-May-2018,1440.73,1464.41,1436.77,1459.76,0
DTEI,30-May-2018,1716.93,1746.27,1712.02,1740.56,0
DTFD,30-May-2018,55,80,45,65,0
DTFI,30-May-2018,65,65,65,65,0
DTFX,30-May-2018,125.08,125.91,124.93,125.86,0
DTOF,30-May-2018,55,65,55,60,0
DTOH,30-May-2018,60,70,60,70,0
DTTH,30-May-2018,65,70,65,70,0
DTTW,30-May-2018,85,90,75,80,0
DTWC,30-May-2018,18077.08,18348.42,18077.08,18302.67,0
DTWI,30-May-2018,53071.16,53839.46,53071.16,53738.09,0
DTWT,30-May-2018,16912.29,17244.56,16912.29,17169.07,0
DTWU,30-May-2018,2891.64,2917.86,2878.49,2910.87,0
DUBS,30-May-2018,89.98,90.75,89.86,90.72,0
DUFD,30-May-2018,60,86.66,60,86.66,0
DUFI,30-May-2018,40,60,40,60,0
DUOF,30-May-2018,46.66,66.66,46.66,66.66,0
DUOH,30-May-2018,40,46.66,40,40,0
DUSL,30-May-2018,571.79,577.2,571.54,576.14,0
DUSM,30-May-2018,1032.95,1044.02,1032.95,1041.34,0
DUSS,30-May-2018,1088.59,1101.42,1088.45,1098.49,0
DUTH,30-May-2018,33.33,46.66,33.33,46.66,0
DUTW,30-May-2018,53.33,93.33,53.33,93.33,0
DVCA,30-May-2018,0.91,19.72,0.91,17.65,0
DVCD,30-May-2018,0.01,4.62,0.01,4.62,0
DVCE,30-May-2018,14.22,252.85,14.22,252.85,0
DVCN,30-May-2018,22.5,421.21,22.02,421.21,0
DVCQ,30-May-2018,8.73,577.38,8.73,577.38,0
DVCS,30-May-2018,2.44,61.15,2.44,59.81,0
DVCT,30-May-2018,32.15,1016.25,32.15,1016.25,0
DVCV,30-May-2018,4,68.97,4,67.66,0
DVCX,30-May-2018,6.45,130.02,6.45,127.48,0
DVS,30-May-2018,95,99.8,95,99.8,0
DWCB,30-May-2018,5560.14,5617.27,5535.27,5602.33,0
DXY,30-May-2018,94.83,94.96,94.03,94.15,0
EED,30-May-2018,37.18,37.36,37.16,37.31,0
EVZ,30-May-2018,10.17,10.17,8.4,8.97,0
FBV,30-May-2018,24.53,24.57,24.5,24.54,0
FVX,30-May-2018,2.67,2.69,2.63,2.67,0
GLD,30-May-2018,1298.62,1303.33,1295.93,1301.93,762110
GMI,30-May-2018,22.19,22.45,22.18,22.38,0
GNX,30-May-2018,477.07,484.26,474.76,483.68,0
GVX,30-May-2018,10.7,11.18,10.36,10.37,0
GVZ,30-May-2018,11.55,11.6,10.77,10.87,0
HGX,30-May-2018,311.98,312.9,310.02,310.19,0
HIGA,30-May-2018,8,8,8,8,0
HIGD,30-May-2018,0.01,0.01,0.01,0.01,0
HIGN,30-May-2018,138,138,138,138,0
HIGQ,30-May-2018,183,183,183,183,0
HIGS,30-May-2018,22,22,22,22,0
HIGV,30-May-2018,3,3,3,3,0
HUI,30-May-2018,180.31,181.95,179.73,181.25,0
HVX,30-May-2018,89.18,90.89,89.18,90.68,0
IDX,30-May-2018,1948.21,1973.98,1948.21,1967.96,589695600
INDS,30-May-2018,5890.26,5927.86,5883.17,5919.72,0
INSR,30-May-2018,8139.69,8276.2,8139.69,8239.07,0
IQX,30-May-2018,4079.47,4142.22,4079.47,4132.75,0
IQZ,30-May-2018,11328.16,11473.32,11328.16,11442.03,0
IRX,30-May-2018,1.89,1.89,1.87,1.87,0
IVX,30-May-2018,1082.01,1095.68,1082.01,1093.12,0
IXB,30-May-2018,614.48,620.95,614.48,619.31,0
IXCO,30-May-2018,4483.3,4501.02,4471.73,4492.96,0
IXE,30-May-2018,752.54,773.08,752.54,770.1,0
IXF,30-May-2018,4707.37,4776.77,4707.27,4761.45,0
IXHC,30-May-2018,787.74,797.52,787.74,794.95,0
IXI,30-May-2018,746.79,755.42,746.67,753.96,0
IXM,30-May-2018,333.53,337.77,332.9,336.76,0
IXR,30-May-2018,500.68,506.88,499.4,505.73,0
IXTC,30-May-2018,351.84,352.76,350.63,350.68,0
IXU,30-May-2018,507.39,512.76,505.57,511.65,0
IXV,30-May-2018,826.62,836.23,826.62,833.65,0
IXY,30-May-2018,1065.54,1072.26,1063.97,1070.89,0
JX,30-May-2018,770.07,770.38,766.03,767.68,71187300
KDX,30-May-2018,138.79,139.83,138.58,139.76,0
KIX,30-May-2018,256.52,259.97,256.49,259.04,0
KLX,30-May-2018,47.23,48.38,47.23,48.05,0
KPX,30-May-2018,677.38,686.65,677.38,684.15,0
KRX,30-May-2018,117.78,119.21,117.4,118.83,0
KSX,30-May-2018,416.28,422.48,415.94,420.9,0
KYX,30-May-2018,89.33,90.7,88.9,90.33,0
LOWA,30-May-2018,0.01,0.01,0.01,0.01,0
LOWD,30-May-2018,0.01,0.01,0.01,0.01,0
LOWN,30-May-2018,26,26,26,26,0
LOWQ,30-May-2018,28,28,28,28,0
LOWS,30-May-2018,19,19,19,19,0
LOWV,30-May-2018,0.01,0.01,0.01,0.01,0
M1DA,30-May-2018,16,16,16,16,21000
M1DB,30-May-2018,-1,-1,-1,-1,2500
M1DC,30-May-2018,543,543,543,543,195000
M1DD,30-May-2018,-1,-1,-1,-1,500
M1DE,30-May-2018,233,233,233,233,158600
M1DF,30-May-2018,2,2,2,2,6800
M1DG,30-May-2018,173,173,173,173,97000
M1DH,30-May-2018,721,721,721,721,329900
M1DI,30-May-2018,10,10,10,10,7000
M1DJ,30-May-2018,3,3,3,3,2800
M1DK,30-May-2018,14,14,14,14,7200
M1DL,30-May-2018,40,40,40,40,141900
M1DM,30-May-2018,9,9,9,9,3300
M1DN,30-May-2018,354,354,354,354,202900
M1DO,30-May-2018,16,16,16,16,10300
M1DP,30-May-2018,67,67,67,67,50400
M1DQ,30-May-2018,391,391,391,391,247200
M1DR,30-May-2018,10,10,10,10,3300
M1DS,30-May-2018,12,12,12,12,6200
M1DT,30-May-2018,2,2,2,2,3100
M1DU,30-May-2018,142,142,142,142,139600
M1DV,30-May-2018,619,619,619,619,332200
M1DW,30-May-2018,3,3,3,3,4600
M1DX,30-May-2018,761,761,761,761,471300
M1DY,30-May-2018,6,6,6,6,8200
M1DZ,30-May-2018,712,712,712,712,289400
M1HA,30-May-2018,35,35,35,35,21000
M1HB,30-May-2018,0.01,0.01,0.01,0.01,2500
M1HC,30-May-2018,590,590,590,590,195000
M1HD,30-May-2018,0.01,0.01,0.01,0.01,500
M1HE,30-May-2018,308,308,308,308,158600
M1HF,30-May-2018,4,4,4,4,6800
M1HG,30-May-2018,199,199,199,199,97000
M1HH,30-May-2018,830,830,830,830,329900
M1HI,30-May-2018,10,10,10,10,7000
M1HJ,30-May-2018,3,3,3,3,2800
M1HK,30-May-2018,14,14,14,14,7200
M1HL,30-May-2018,169,169,169,169,141900
M1HM,30-May-2018,11,11,11,11,3300
M1HN,30-May-2018,451,451,451,451,202900
M1HO,30-May-2018,17,17,17,17,10300
M1HP,30-May-2018,82,82,82,82,50400
M1HQ,30-May-2018,513,513,513,513,247200
M1HR,30-May-2018,10,10,10,10,3300
M1HS,30-May-2018,12,12,12,12,6200
M1HT,30-May-2018,2,2,2,2,3100
M1HU,30-May-2018,235,235,235,235,139600
M1HV,30-May-2018,764,764,764,764,332200
M1HW,30-May-2018,7,7,7,7,4600
M1HX,30-May-2018,999,999,999,999,471300
M1HY,30-May-2018,16,16,16,16,8200
M1HZ,30-May-2018,784,784,784,784,289400
M1LA,30-May-2018,19,19,19,19,21000
M1LB,30-May-2018,1,1,1,1,2500
M1LC,30-May-2018,47,47,47,47,195000
M1LD,30-May-2018,1,1,1,1,500
M1LE,30-May-2018,75,75,75,75,158600
M1LF,30-May-2018,2,2,2,2,6800
M1LG,30-May-2018,26,26,26,26,97000
M1LH,30-May-2018,109,109,109,109,329900
M1LI,30-May-2018,0.01,0.01,0.01,0.01,7000
M1LJ,30-May-2018,0.01,0.01,0.01,0.01,2800
M1LK,30-May-2018,0.01,0.01,0.01,0.01,7200
M1LL,30-May-2018,129,129,129,129,141900
M1LM,30-May-2018,2,2,2,2,3300
M1LN,30-May-2018,97,97,97,97,202900
M1LO,30-May-2018,1,1,1,1,10300
M1LP,30-May-2018,15,15,15,15,50400
M1LQ,30-May-2018,122,122,122,122,247200
M1LR,30-May-2018,0.01,0.01,0.01,0.01,3300
M1LS,30-May-2018,0.01,0.01,0.01,0.01,6200
M1LT,30-May-2018,0.01,0.01,0.01,0.01,3100
M1LU,30-May-2018,93,93,93,93,139600
M1LV,30-May-2018,145,145,145,145,332200
M1LW,30-May-2018,4,4,4,4,4600
M1LX,30-May-2018,238,238,238,238,471300
M1LY,30-May-2018,10,10,10,10,8200
M1LZ,30-May-2018,72,72,72,72,289400
M3DA,30-May-2018,9,9,9,9,21000
M3DB,30-May-2018,-1,-1,-1,-1,2500
M3DC,30-May-2018,391,391,391,391,195000
M3DD,30-May-2018,0.01,0.01,0.01,0.01,500
M3DE,30-May-2018,117,117,117,117,158600
M3DF,30-May-2018,0.01,0.01,0.01,0.01,6800
M3DG,30-May-2018,122,122,122,122,97000
M3DH,30-May-2018,517,517,517,517,329900
M3DI,30-May-2018,6,6,6,6,7000
M3DJ,30-May-2018,3,3,3,3,2800
M3DK,30-May-2018,10,10,10,10,7200
M3DL,30-May-2018,10,10,10,10,141900
M3DM,30-May-2018,0.01,0.01,0.01,0.01,3300
M3DN,30-May-2018,245,245,245,245,202900
M3DO,30-May-2018,8,8,8,8,10300
M3DP,30-May-2018,44,44,44,44,50400
M3DQ,30-May-2018,273,273,273,273,247200
M3DR,30-May-2018,9,9,9,9,3300
M3DS,30-May-2018,7,7,7,7,6200
M3DT,30-May-2018,2,2,2,2,3100
M3DU,30-May-2018,96,96,96,96,139600
M3DV,30-May-2018,431,431,431,431,332200
M3DW,30-May-2018,2,2,2,2,4600
M3DX,30-May-2018,527,527,527,527,471300
M3DY,30-May-2018,8,8,8,8,8200
M3DZ,30-May-2018,510,510,510,510,289400
M3HA,30-May-2018,18,18,18,18,21000
M3HB,30-May-2018,0.01,0.01,0.01,0.01,2500
M3HC,30-May-2018,425,425,425,425,195000
M3HD,30-May-2018,0.01,0.01,0.01,0.01,500
M3HE,30-May-2018,173,173,173,173,158600
M3HF,30-May-2018,2,2,2,2,6800
M3HG,30-May-2018,139,139,139,139,97000
M3HH,30-May-2018,589,589,589,589,329900
M3HI,30-May-2018,6,6,6,6,7000
M3HJ,30-May-2018,3,3,3,3,2800
M3HK,30-May-2018,10,10,10,10,7200
M3HL,30-May-2018,93,93,93,93,141900
M3HM,30-May-2018,2,2,2,2,3300
M3HN,30-May-2018,320,320,320,320,202900
M3HO,30-May-2018,8,8,8,8,10300
M3HP,30-May-2018,53,53,53,53,50400
M3HQ,30-May-2018,344,344,344,344,247200
M3HR,30-May-2018,9,9,9,9,3300
M3HS,30-May-2018,7,7,7,7,6200
M3HT,30-May-2018,2,2,2,2,3100
M3HU,30-May-2018,146,146,146,146,139600
M3HV,30-May-2018,536,536,536,536,332200
M3HW,30-May-2018,5,5,5,5,4600
M3HX,30-May-2018,682,682,682,682,471300
M3HY,30-May-2018,12,12,12,12,8200
M3HZ,30-May-2018,560,560,560,560,289400
M3LA,30-May-2018,9,9,9,9,21000
M3LB,30-May-2018,1,1,1,1,2500
M3LC,30-May-2018,34,34,34,34,195000
M3LD,30-May-2018,0.01,0.01,0.01,0.01,500
M3LE,30-May-2018,56,56,56,56,158600
M3LF,30-May-2018,2,2,2,2,6800
M3LG,30-May-2018,17,17,17,17,97000
M3LH,30-May-2018,72,72,72,72,329900
M3LI,30-May-2018,0.01,0.01,0.01,0.01,7000
M3LJ,30-May-2018,0.01,0.01,0.01,0.01,2800
M3LK,30-May-2018,0.01,0.01,0.01,0.01,7200
M3LL,30-May-2018,83,83,83,83,141900
M3LM,30-May-2018,2,2,2,2,3300
M3LN,30-May-2018,75,75,75,75,202900
M3LO,30-May-2018,0.01,0.01,0.01,0.01,10300
M3LP,30-May-2018,9,9,9,9,50400
M3LQ,30-May-2018,71,71,71,71,247200
M3LR,30-May-2018,0.01,0.01,0.01,0.01,3300
M3LS,30-May-2018,0.01,0.01,0.01,0.01,6200
M3LT,30-May-2018,0.01,0.01,0.01,0.01,3100
M3LU,30-May-2018,50,50,50,50,139600
M3LV,30-May-2018,105,105,105,105,332200
M3LW,30-May-2018,3,3,3,3,4600
M3LX,30-May-2018,155,155,155,155,471300
M3LY,30-May-2018,4,4,4,4,8200
M3LZ,30-May-2018,50,50,50,50,289400
M5DA,30-May-2018,32,32,32,32,21000
M5DB,30-May-2018,-1,-1,-1,-1,2500
M5DC,30-May-2018,916,916,916,916,195000
M5DD,30-May-2018,-1,-1,-1,-1,500
M5DE,30-May-2018,422,422,422,422,158600
M5DF,30-May-2018,5,5,5,5,6800
M5DG,30-May-2018,353,353,353,353,97000
M5DH,30-May-2018,1291,1291,1291,1291,329900
M5DI,30-May-2018,20,20,20,20,7000
M5DJ,30-May-2018,18,18,18,18,2800
M5DK,30-May-2018,23,23,23,23,7200
M5DL,30-May-2018,92,92,92,92,141900
M5DM,30-May-2018,17,17,17,17,3300
M5DN,30-May-2018,679,679,679,679,202900
M5DO,30-May-2018,31,31,31,31,10300
M5DP,30-May-2018,155,155,155,155,50400
M5DQ,30-May-2018,672,672,672,672,247200
M5DR,30-May-2018,30,30,30,30,3300
M5DS,30-May-2018,18,18,18,18,6200
M5DT,30-May-2018,8,8,8,8,3100
M5DU,30-May-2018,266,266,266,266,139600
M5DV,30-May-2018,1117,1117,1117,1117,332200
M5DW,30-May-2018,5,5,5,5,4600
M5DX,30-May-2018,1383,1383,1383,1383,471300
M5DY,30-May-2018,17,17,17,17,8200
M5DZ,30-May-2018,1257,1257,1257,1257,289400
M5HA,30-May-2018,78,78,78,78,21000
M5HB,30-May-2018,1,1,1,1,2500
M5HC,30-May-2018,1080,1080,1080,1080,195000
M5HD,30-May-2018,0.01,0.01,0.01,0.01,500
M5HE,30-May-2018,548,548,548,548,158600
M5HF,30-May-2018,7,7,7,7,6800
M5HG,30-May-2018,426,426,426,426,97000
M5HH,30-May-2018,1594,1594,1594,1594,329900
M5HI,30-May-2018,22,22,22,22,7000
M5HJ,30-May-2018,21,21,21,21,2800
M5HK,30-May-2018,28,28,28,28,7200
M5HL,30-May-2018,437,437,437,437,141900
M5HM,30-May-2018,21,21,21,21,3300
M5HN,30-May-2018,900,900,900,900,202900
M5HO,30-May-2018,34,34,34,34,10300
M5HP,30-May-2018,190,190,190,190,50400
M5HQ,30-May-2018,1053,1053,1053,1053,247200
M5HR,30-May-2018,31,31,31,31,3300
M5HS,30-May-2018,20,20,20,20,6200
M5HT,30-May-2018,8,8,8,8,3100
M5HU,30-May-2018,536,536,536,536,139600
M5HV,30-May-2018,1495,1495,1495,1495,332200
M5HW,30-May-2018,14,14,14,14,4600
M5HX,30-May-2018,2031,2031,2031,2031,471300
M5HY,30-May-2018,31,31,31,31,8200
M5HZ,30-May-2018,1492,1492,1492,1492,289400
M5LA,30-May-2018,46,46,46,46,21000
M5LB,30-May-2018,2,2,2,2,2500
M5LC,30-May-2018,164,164,164,164,195000
M5LD,30-May-2018,1,1,1,1,500
M5LE,30-May-2018,126,126,126,126,158600
M5LF,30-May-2018,2,2,2,2,6800
M5LG,30-May-2018,73,73,73,73,97000
M5LH,30-May-2018,303,303,303,303,329900
M5LI,30-May-2018,2,2,2,2,7000
M5LJ,30-May-2018,3,3,3,3,2800
M5LK,30-May-2018,5,5,5,5,7200
M5LL,30-May-2018,345,345,345,345,141900
M5LM,30-May-2018,4,4,4,4,3300
M5LN,30-May-2018,221,221,221,221,202900
M5LO,30-May-2018,3,3,3,3,10300
M5LP,30-May-2018,35,35,35,35,50400
M5LQ,30-May-2018,381,381,381,381,247200
M5LR,30-May-2018,1,1,1,1,3300
M5LS,30-May-2018,2,2,2,2,6200
M5LT,30-May-2018,0.01,0.01,0.01,0.01,3100
M5LU,30-May-2018,270,270,270,270,139600
M5LV,30-May-2018,378,378,378,378,332200
M5LW,30-May-2018,9,9,9,9,4600
M5LX,30-May-2018,648,648,648,648,471300
M5LY,30-May-2018,14,14,14,14,8200
M5LZ,30-May-2018,235,235,235,235,289400
M6DA,30-May-2018,4,4,4,4,21000
M6DB,30-May-2018,-1,-1,-1,-1,2500
M6DC,30-May-2018,240,240,240,240,195000
M6DD,30-May-2018,0.01,0.01,0.01,0.01,500
M6DE,30-May-2018,43,43,43,43,158600
M6DF,30-May-2018,2,2,2,2,6800
M6DG,30-May-2018,70,70,70,70,97000
M6DH,30-May-2018,325,325,325,325,329900
M6DI,30-May-2018,4,4,4,4,7000
M6DJ,30-May-2018,2,2,2,2,2800
M6DK,30-May-2018,9,9,9,9,7200
M6DL,30-May-2018,-15,-15,-15,-15,141900
M6DM,30-May-2018,-1,-1,-1,-1,3300
M6DN,30-May-2018,122,122,122,122,202900
M6DO,30-May-2018,4,4,4,4,10300
M6DP,30-May-2018,28,28,28,28,50400
M6DQ,30-May-2018,184,184,184,184,247200
M6DR,30-May-2018,2,2,2,2,3300
M6DS,30-May-2018,4,4,4,4,6200
M6DT,30-May-2018,2,2,2,2,3100
M6DU,30-May-2018,52,52,52,52,139600
M6DV,30-May-2018,258,258,258,258,332200
M6DW,30-May-2018,2,2,2,2,4600
M6DX,30-May-2018,310,310,310,310,471300
M6DY,30-May-2018,5,5,5,5,8200
M6DZ,30-May-2018,308,308,308,308,289400
M6HA,30-May-2018,10,10,10,10,21000
M6HB,30-May-2018,0.01,0.01,0.01,0.01,2500
M6HC,30-May-2018,267,267,267,267,195000
M6HD,30-May-2018,0.01,0.01,0.01,0.01,500
M6HE,30-May-2018,78,78,78,78,158600
M6HF,30-May-2018,2,2,2,2,6800
M6HG,30-May-2018,81,81,81,81,97000
M6HH,30-May-2018,376,376,376,376,329900
M6HI,30-May-2018,4,4,4,4,7000
M6HJ,30-May-2018,2,2,2,2,2800
M6HK,30-May-2018,9,9,9,9,7200
M6HL,30-May-2018,49,49,49,49,141900
M6HM,30-May-2018,1,1,1,1,3300
M6HN,30-May-2018,179,179,179,179,202900
M6HO,30-May-2018,4,4,4,4,10300
M6HP,30-May-2018,33,33,33,33,50400
M6HQ,30-May-2018,236,236,236,236,247200
M6HR,30-May-2018,2,2,2,2,3300
M6HS,30-May-2018,4,4,4,4,6200
M6HT,30-May-2018,2,2,2,2,3100
M6HU,30-May-2018,86,86,86,86,139600
M6HV,30-May-2018,339,339,339,339,332200
M6HW,30-May-2018,4,4,4,4,4600
M6HX,30-May-2018,425,425,425,425,471300
M6HY,30-May-2018,7,7,7,7,8200
M6HZ,30-May-2018,345,345,345,345,289400
M6LA,30-May-2018,6,6,6,6,21000
M6LB,30-May-2018,1,1,1,1,2500
M6LC,30-May-2018,27,27,27,27,195000
M6LD,30-May-2018,0.01,0.01,0.01,0.01,500
M6LE,30-May-2018,35,35,35,35,158600
M6LF,30-May-2018,0.01,0.01,0.01,0.01,6800
M6LG,30-May-2018,11,11,11,11,97000
M6LH,30-May-2018,51,51,51,51,329900
M6LI,30-May-2018,0.01,0.01,0.01,0.01,7000
M6LJ,30-May-2018,0.01,0.01,0.01,0.01,2800
M6LK,30-May-2018,0.01,0.01,0.01,0.01,7200
M6LL,30-May-2018,64,64,64,64,141900
M6LM,30-May-2018,2,2,2,2,3300
M6LN,30-May-2018,57,57,57,57,202900
M6LO,30-May-2018,0.01,0.01,0.01,0.01,10300
M6LP,30-May-2018,5,5,5,5,50400
M6LQ,30-May-2018,52,52,52,52,247200
M6LR,30-May-2018,0.01,0.01,0.01,0.01,3300
M6LS,30-May-2018,0.01,0.01,0.01,0.01,6200
M6LT,30-May-2018,0.01,0.01,0.01,0.01,3100
M6LU,30-May-2018,34,34,34,34,139600
M6LV,30-May-2018,81,81,81,81,332200
M6LW,30-May-2018,2,2,2,2,4600
M6LX,30-May-2018,115,115,115,115,471300
M6LY,30-May-2018,2,2,2,2,8200
M6LZ,30-May-2018,37,37,37,37,289400
MADA,30-May-2018,6,6,6,6,21000
MADB,30-May-2018,-1,-1,-1,-1,2500
MADC,30-May-2018,189,189,189,189,195000
MADD,30-May-2018,0.01,0.01,0.01,0.01,500
MADE,30-May-2018,54,54,54,54,158600
MADF,30-May-2018,2,2,2,2,6800
MADG,30-May-2018,59,59,59,59,97000
MADH,30-May-2018,278,278,278,278,329900
MADI,30-May-2018,4,4,4,4,7000
MADJ,30-May-2018,2,2,2,2,2800
MADK,30-May-2018,8,8,8,8,7200
MADL,30-May-2018,-18,-18,-18,-18,141900
MADM,30-May-2018,0.01,0.01,0.01,0.01,3300
MADN,30-May-2018,108,108,108,108,202900
MADO,30-May-2018,4,4,4,4,10300
MADP,30-May-2018,24,24,24,24,50400
MADQ,30-May-2018,146,146,146,146,247200
MADR,30-May-2018,2,2,2,2,3300
MADS,30-May-2018,2,2,2,2,6200
MADT,30-May-2018,2,2,2,2,3100
MADU,30-May-2018,37,37,37,37,139600
MADV,30-May-2018,223,223,223,223,332200
MADW,30-May-2018,1,1,1,1,4600
MADX,30-May-2018,260,260,260,260,471300
MADY,30-May-2018,3,3,3,3,8200
MADZ,30-May-2018,247,247,247,247,289400
MAHA,30-May-2018,8,8,8,8,21000
MAHB,30-May-2018,0.01,0.01,0.01,0.01,2500
MAHC,30-May-2018,205,205,205,205,195000
MAHD,30-May-2018,0.01,0.01,0.01,0.01,500
MAHE,30-May-2018,71,71,71,71,158600
MAHF,30-May-2018,2,2,2,2,6800
MAHG,30-May-2018,66,66,66,66,97000
MAHH,30-May-2018,302,302,302,302,329900
MAHI,30-May-2018,4,4,4,4,7000
MAHJ,30-May-2018,2,2,2,2,2800
MAHK,30-May-2018,8,8,8,8,7200
MAHL,30-May-2018,28,28,28,28,141900
MAHM,30-May-2018,1,1,1,1,3300
MAHN,30-May-2018,138,138,138,138,202900
MAHO,30-May-2018,4,4,4,4,10300
MAHP,30-May-2018,27,27,27,27,50400
MAHQ,30-May-2018,184,184,184,184,247200
MAHR,30-May-2018,2,2,2,2,3300
MAHS,30-May-2018,2,2,2,2,6200
MAHT,30-May-2018,2,2,2,2,3100
MAHU,30-May-2018,61,61,61,61,139600
MAHV,30-May-2018,269,269,269,269,332200
MAHW,30-May-2018,3,3,3,3,4600
MAHX,30-May-2018,330,330,330,330,471300
MAHY,30-May-2018,4,4,4,4,8200
MAHZ,30-May-2018,270,270,270,270,289400
MALA,30-May-2018,2,2,2,2,21000
MALB,30-May-2018,1,1,1,1,2500
MALC,30-May-2018,16,16,16,16,195000
MALD,30-May-2018,0.01,0.01,0.01,0.01,500
MALE,30-May-2018,17,17,17,17,158600
MALF,30-May-2018,0.01,0.01,0.01,0.01,6800
MALG,30-May-2018,7,7,7,7,97000
MALH,30-May-2018,24,24,24,24,329900
MALI,30-May-2018,0.01,0.01,0.01,0.01,7000
MALJ,30-May-2018,0.01,0.01,0.01,0.01,2800
MALK,30-May-2018,0.01,0.01,0.01,0.01,7200
MALL,30-May-2018,46,46,46,46,141900
MALM,30-May-2018,1,1,1,1,3300
MALN,30-May-2018,30,30,30,30,202900
MALO,30-May-2018,0.01,0.01,0.01,0.01,10300
MALP,30-May-2018,3,3,3,3,50400
MALQ,30-May-2018,38,38,38,38,247200
MALR,30-May-2018,0.01,0.01,0.01,0.01,3300
MALS,30-May-2018,0.01,0.01,0.01,0.01,6200
MALT,30-May-2018,0.01,0.01,0.01,0.01,3100
MALU,30-May-2018,24,24,24,24,139600
MALV,30-May-2018,46,46,46,46,332200
MALW,30-May-2018,2,2,2,2,4600
MALX,30-May-2018,70,70,70,70,471300
MALY,30-May-2018,1,1,1,1,8200
MALZ,30-May-2018,23,23,23,23,289400
MMFD,30-May-2018,50.82,67.58,50.82,61.92,0
MMFI,30-May-2018,63.91,67.85,63.91,66.04,0
MMOF,30-May-2018,56,58.82,56,57.79,0
MMOH,30-May-2018,57.3,60.07,57.3,58.71,0
MMTH,30-May-2018,57.98,60.14,57.98,59.09,0
MMTW,30-May-2018,60.71,68.47,60.71,65.7,0
MNFD,30-May-2018,40.71,40.91,40.46,40.78,0
MNFI,30-May-2018,61.61,61.61,60.73,60.73,0
MNOF,30-May-2018,54.57,54.57,54.21,54.29,0
MNOH,30-May-2018,55.44,55.44,54.75,54.75,0
MNTH,30-May-2018,56.74,56.74,56.44,56.63,0
MNTW,30-May-2018,56.93,56.93,56.15,56.15,0
MOFD,30-May-2018,52.14,52.14,51.79,51.93,0
MOFI,30-May-2018,65.84,65.84,64.69,64.69,0
MOOF,30-May-2018,57.91,57.91,57.53,57.6,0
MOOH,30-May-2018,58.67,58.67,58.06,58.08,0
MOTH,30-May-2018,59.2,59.2,58.82,58.95,0
MOTW,30-May-2018,68.17,68.17,67.03,67.03,0
MPFD,30-May-2018,47.23,47.52,47.12,47.5,0
MPFI,30-May-2018,49.69,49.75,49.56,49.69,0
MPOF,30-May-2018,46.83,47.16,46.8,47.16,0
MPOH,30-May-2018,44.85,44.97,44.84,44.94,0
MPTH,30-May-2018,51.12,51.36,51.03,51.36,0
MPTW,30-May-2018,51.28,51.28,50.58,50.73,0
MTFD,30-May-2018,43.12,50.08,40.99,50.08,0
MTFI,30-May-2018,63.21,63.21,59.43,62.65,0
MTOF,30-May-2018,49.04,50.94,48.18,50.77,0
MTOH,30-May-2018,50.73,52.5,50.18,51.46,0
MTTH,30-May-2018,49.47,50.86,48.35,50.25,0
MTTW,30-May-2018,47.99,51.64,46.54,50.94,0
MUFD,30-May-2018,36.09,36.49,35.45,35.92,0
MUFI,30-May-2018,60.5,60.86,60.14,60.27,0
MUOF,30-May-2018,48.83,49.38,48.57,48.87,0
MUOH,30-May-2018,50.31,51.61,50.31,50.94,0
MUTH,30-May-2018,50.1,50.26,49.4,49.74,0
MUTW,30-May-2018,48.83,49.64,48.77,49.05,0
MVFD,30-May-2018,53.29,53.29,52.07,52.07,0
MVFI,30-May-2018,67.3,67.41,66.35,66.43,0
MVOF,30-May-2018,49.46,50.78,49.46,50.34,0
MVOH,30-May-2018,52.86,53.5,52.76,52.94,0
MVTH,30-May-2018,51.59,52.53,51.53,52.07,0
MVTW,30-May-2018,61.99,62.74,61.28,61.41,0
MWFD,30-May-2018,47.54,48.25,46.95,46.95,0
MWFI,30-May-2018,52.66,53.99,52.66,53.21,0
MWOF,30-May-2018,42.43,42.79,42,42.08,0
MWOH,30-May-2018,42,43.68,42,43.3,0
MWTH,30-May-2018,45.41,45.96,45.27,45.56,0
MWTW,30-May-2018,60.12,60.28,58.78,58.78,0
MYDA,30-May-2018,4,4,4,4,21000
MYDB,30-May-2018,-1,-1,-1,-1,2500
MYDC,30-May-2018,280,280,280,280,195000
MYDD,30-May-2018,0.01,0.01,0.01,0.01,500
MYDE,30-May-2018,49,49,49,49,158600
MYDF,30-May-2018,1,1,1,1,6800
MYDG,30-May-2018,80,80,80,80,97000
MYDH,30-May-2018,363,363,363,363,329900
MYDI,30-May-2018,4,4,4,4,7000
MYDJ,30-May-2018,3,3,3,3,2800
MYDK,30-May-2018,9,9,9,9,7200
MYDL,30-May-2018,-15,-15,-15,-15,141900
MYDM,30-May-2018,0.01,0.01,0.01,0.01,3300
MYDN,30-May-2018,142,142,142,142,202900
MYDO,30-May-2018,4,4,4,4,10300
MYDP,30-May-2018,29,29,29,29,50400
MYDQ,30-May-2018,202,202,202,202,247200
MYDR,30-May-2018,2,2,2,2,3300
MYDS,30-May-2018,4,4,4,4,6200
MYDT,30-May-2018,2,2,2,2,3100
MYDU,30-May-2018,62,62,62,62,139600
MYDV,30-May-2018,286,286,286,286,332200
MYDW,30-May-2018,3,3,3,3,4600
MYDX,30-May-2018,348,348,348,348,471300
MYDY,30-May-2018,5,5,5,5,8200
MYDZ,30-May-2018,358,358,358,358,289400
MYHA,30-May-2018,12,12,12,12,21000
MYHB,30-May-2018,0.01,0.01,0.01,0.01,2500
MYHC,30-May-2018,308,308,308,308,195000
MYHD,30-May-2018,0.01,0.01,0.01,0.01,500
MYHE,30-May-2018,86,86,86,86,158600
MYHF,30-May-2018,2,2,2,2,6800
MYHG,30-May-2018,92,92,92,92,97000
MYHH,30-May-2018,423,423,423,423,329900
MYHI,30-May-2018,4,4,4,4,7000
MYHJ,30-May-2018,3,3,3,3,2800
MYHK,30-May-2018,9,9,9,9,7200
MYHL,30-May-2018,58,58,58,58,141900
MYHM,30-May-2018,2,2,2,2,3300
MYHN,30-May-2018,209,209,209,209,202900
MYHO,30-May-2018,4,4,4,4,10300
MYHP,30-May-2018,35,35,35,35,50400
MYHQ,30-May-2018,260,260,260,260,247200
MYHR,30-May-2018,2,2,2,2,3300
MYHS,30-May-2018,4,4,4,4,6200
MYHT,30-May-2018,2,2,2,2,3100
MYHU,30-May-2018,106,106,106,106,139600
MYHV,30-May-2018,375,375,375,375,332200
MYHW,30-May-2018,5,5,5,5,4600
MYHX,30-May-2018,481,481,481,481,471300
MYHY,30-May-2018,7,7,7,7,8200
MYHZ,30-May-2018,397,397,397,397,289400
MYLA,30-May-2018,8,8,8,8,21000
MYLB,30-May-2018,1,1,1,1,2500
MYLC,30-May-2018,28,28,28,28,195000
MYLD,30-May-2018,0.01,0.01,0.01,0.01,500
MYLE,30-May-2018,37,37,37,37,158600
MYLF,30-May-2018,1,1,1,1,6800
MYLG,30-May-2018,12,12,12,12,97000
MYLH,30-May-2018,60,60,60,60,329900
MYLI,30-May-2018,0.01,0.01,0.01,0.01,7000
MYLJ,30-May-2018,0.01,0.01,0.01,0.01,2800
MYLK,30-May-2018,0.01,0.01,0.01,0.01,7200
MYLL,30-May-2018,73,73,73,73,141900
MYLM,30-May-2018,2,2,2,2,3300
MYLN,30-May-2018,67,67,67,67,202900
MYLO,30-May-2018,0.01,0.01,0.01,0.01,10300
MYLP,30-May-2018,6,6,6,6,50400
MYLQ,30-May-2018,58,58,58,58,247200
MYLR,30-May-2018,0.01,0.01,0.01,0.01,3300
MYLS,30-May-2018,0.01,0.01,0.01,0.01,6200
MYLT,30-May-2018,0.01,0.01,0.01,0.01,3100
MYLU,30-May-2018,44,44,44,44,139600
MYLV,30-May-2018,89,89,89,89,332200
MYLW,30-May-2018,2,2,2,2,4600
MYLX,30-May-2018,133,133,133,133,471300
MYLY,30-May-2018,2,2,2,2,8200
MYLZ,30-May-2018,39,39,39,39,289400
N1DA,30-May-2018,215,215,215,215,59900
N1DB,30-May-2018,112,112,112,112,39800
N1DC,30-May-2018,20,20,20,20,10300
N1DD,30-May-2018,5,5,5,5,3000
N1DE,30-May-2018,13,13,13,13,6500
N1DF,30-May-2018,6,6,6,6,2000
N1DG,30-May-2018,2,2,2,2,1500
N1DH,30-May-2018,17,17,17,17,24000
N1DI,30-May-2018,7,7,7,7,5700
N1DJ,30-May-2018,-11,-11,-11,-11,25000
N1HA,30-May-2018,226,226,226,226,59900
N1HB,30-May-2018,115,115,115,115,39800
N1HC,30-May-2018,22,22,22,22,10300
N1HD,30-May-2018,5,5,5,5,3000
N1HE,30-May-2018,14,14,14,14,6500
N1HF,30-May-2018,7,7,7,7,2000
N1HG,30-May-2018,2,2,2,2,1500
N1HH,30-May-2018,26,26,26,26,24000
N1HI,30-May-2018,8,8,8,8,5700
N1HJ,30-May-2018,24,24,24,24,25000
N1LA,30-May-2018,11,11,11,11,59900
N1LB,30-May-2018,3,3,3,3,39800
N1LC,30-May-2018,2,2,2,2,10300
N1LD,30-May-2018,0.01,0.01,0.01,0.01,3000
N1LE,30-May-2018,1,1,1,1,6500
N1LF,30-May-2018,1,1,1,1,2000
N1LG,30-May-2018,0.01,0.01,0.01,0.01,1500
N1LH,30-May-2018,9,9,9,9,24000
N1LI,30-May-2018,1,1,1,1,5700
N1LJ,30-May-2018,35,35,35,35,25000
N3DA,30-May-2018,154,154,154,154,59900
N3DB,30-May-2018,77,77,77,77,39800
N3DC,30-May-2018,13,13,13,13,10300
N3DD,30-May-2018,2,2,2,2,3000
N3DE,30-May-2018,10,10,10,10,6500
N3DF,30-May-2018,6,6,6,6,2000
N3DG,30-May-2018,2,2,2,2,1500
N3DH,30-May-2018,17,17,17,17,24000
N3DI,30-May-2018,7,7,7,7,5700
N3DJ,30-May-2018,-7,-7,-7,-7,25000
N3HA,30-May-2018,165,165,165,165,59900
N3HB,30-May-2018,79,79,79,79,39800
N3HC,30-May-2018,14,14,14,14,10300
N3HD,30-May-2018,2,2,2,2,3000
N3HE,30-May-2018,11,11,11,11,6500
N3HF,30-May-2018,7,7,7,7,2000
N3HG,30-May-2018,2,2,2,2,1500
N3HH,30-May-2018,22,22,22,22,24000
N3HI,30-May-2018,7,7,7,7,5700
N3HJ,30-May-2018,11,11,11,11,25000
N3LA,30-May-2018,11,11,11,11,59900
N3LB,30-May-2018,2,2,2,2,39800
N3LC,30-May-2018,1,1,1,1,10300
N3LD,30-May-2018,0.01,0.01,0.01,0.01,3000
N3LE,30-May-2018,1,1,1,1,6500
N3LF,30-May-2018,1,1,1,1,2000
N3LG,30-May-2018,0.01,0.01,0.01,0.01,1500
N3LH,30-May-2018,5,5,5,5,24000
N3LI,30-May-2018,0.01,0.01,0.01,0.01,5700
N3LJ,30-May-2018,18,18,18,18,25000
N5DA,30-May-2018,331,331,331,331,59900
N5DB,30-May-2018,209,209,209,209,39800
N5DC,30-May-2018,35,35,35,35,10300
N5DD,30-May-2018,7,7,7,7,3000
N5DE,30-May-2018,27,27,27,27,6500
N5DF,30-May-2018,10,10,10,10,2000
N5DG,30-May-2018,10,10,10,10,1500
N5DH,30-May-2018,0.01,0.01,0.01,0.01,24000
N5DI,30-May-2018,1,1,1,1,5700
N5DJ,30-May-2018,-19,-19,-19,-19,25000
N5HA,30-May-2018,375,375,375,375,59900
N5HB,30-May-2018,225,225,225,225,39800
N5HC,30-May-2018,42,42,42,42,10300
N5HD,30-May-2018,8,8,8,8,3000
N5HE,30-May-2018,31,31,31,31,6500
N5HF,30-May-2018,11,11,11,11,2000
N5HG,30-May-2018,12,12,12,12,1500
N5HH,30-May-2018,58,58,58,58,24000
N5HI,30-May-2018,13,13,13,13,5700
N5HJ,30-May-2018,62,62,62,62,25000
N5LA,30-May-2018,44,44,44,44,59900
N5LB,30-May-2018,16,16,16,16,39800
N5LC,30-May-2018,7,7,7,7,10300
N5LD,30-May-2018,1,1,1,1,3000
N5LE,30-May-2018,4,4,4,4,6500
N5LF,30-May-2018,1,1,1,1,2000
N5LG,30-May-2018,2,2,2,2,1500
N5LH,30-May-2018,58,58,58,58,24000
N5LI,30-May-2018,12,12,12,12,5700
N5LJ,30-May-2018,81,81,81,81,25000
N6DA,30-May-2018,99,99,99,99,59900
N6DB,30-May-2018,44,44,44,44,39800
N6DC,30-May-2018,10,10,10,10,10300
N6DD,30-May-2018,2,2,2,2,3000
N6DE,30-May-2018,9,9,9,9,6500
N6DF,30-May-2018,5,5,5,5,2000
N6DG,30-May-2018,2,2,2,2,1500
N6DH,30-May-2018,10,10,10,10,24000
N6DI,30-May-2018,3,3,3,3,5700
N6DJ,30-May-2018,-3,-3,-3,-3,25000
N6HA,30-May-2018,108,108,108,108,59900
N6HB,30-May-2018,45,45,45,45,39800
N6HC,30-May-2018,11,11,11,11,10300
N6HD,30-May-2018,2,2,2,2,3000
N6HE,30-May-2018,9,9,9,9,6500
N6HF,30-May-2018,5,5,5,5,2000
N6HG,30-May-2018,2,2,2,2,1500
N6HH,30-May-2018,13,13,13,13,24000
N6HI,30-May-2018,3,3,3,3,5700
N6HJ,30-May-2018,7,7,7,7,25000
N6LA,30-May-2018,9,9,9,9,59900
N6LB,30-May-2018,1,1,1,1,39800
N6LC,30-May-2018,1,1,1,1,10300
N6LD,30-May-2018,0.01,0.01,0.01,0.01,3000
N6LE,30-May-2018,0.01,0.01,0.01,0.01,6500
N6LF,30-May-2018,0.01,0.01,0.01,0.01,2000
N6LG,30-May-2018,0.01,0.01,0.01,0.01,1500
N6LH,30-May-2018,3,3,3,3,24000
N6LI,30-May-2018,0.01,0.01,0.01,0.01,5700
N6LJ,30-May-2018,10,10,10,10,25000
NADA,30-May-2018,81,81,81,81,59900
NADB,30-May-2018,34,34,34,34,39800
NADC,30-May-2018,10,10,10,10,10300
NADD,30-May-2018,2,2,2,2,3000
NADE,30-May-2018,9,9,9,9,6500
NADF,30-May-2018,5,5,5,5,2000
NADG,30-May-2018,2,2,2,2,1500
NADH,30-May-2018,11,11,11,11,24000
NADI,30-May-2018,3,3,3,3,5700
NADJ,30-May-2018,-1,-1,-1,-1,25000
NAHA,30-May-2018,86,86,86,86,59900
NAHB,30-May-2018,35,35,35,35,39800
NAHC,30-May-2018,11,11,11,11,10300
NAHD,30-May-2018,2,2,2,2,3000
NAHE,30-May-2018,9,9,9,9,6500
NAHF,30-May-2018,5,5,5,5,2000
NAHG,30-May-2018,2,2,2,2,1500
NAHH,30-May-2018,13,13,13,13,24000
NAHI,30-May-2018,3,3,3,3,5700
NAHJ,30-May-2018,3,3,3,3,25000
NALA,30-May-2018,5,5,5,5,59900
NALB,30-May-2018,1,1,1,1,39800
NALC,30-May-2018,1,1,1,1,10300
NALD,30-May-2018,0.01,0.01,0.01,0.01,3000
NALE,30-May-2018,0.01,0.01,0.01,0.01,6500
NALF,30-May-2018,0.01,0.01,0.01,0.01,2000
NALG,30-May-2018,0.01,0.01,0.01,0.01,1500
NALH,30-May-2018,2,2,2,2,24000
NALI,30-May-2018,0.01,0.01,0.01,0.01,5700
NALJ,30-May-2018,4,4,4,4,25000
NAST,30-May-2018,5388.51,5470.1,5388.51,5451.53,0
NBI,30-May-2018,3377.51,3418.36,3377.17,3410.35,0
NDFD,30-May-2018,48.54,66.01,48.54,57.28,0
NDFI,30-May-2018,59.22,65.04,58.25,62.13,0
NDOF,30-May-2018,50.48,53.39,49.51,52.42,0
NDOH,30-May-2018,53.39,59.22,53.39,57.28,0
NDTH,30-May-2018,60.19,61.16,58.25,58.25,0
NDTW,30-May-2018,62.13,67.96,58.25,65.04,0
NDXT,30-May-2018,4297.3,4323.7,4291.39,4299.54,0
NDXX,30-May-2018,2888.71,2910.04,2885.96,2904.43,0
NDY,30-May-2018,6955.59,6987.63,6938.02,6976.37,0
NFA,30-May-2018,64.18,65.31,64.18,65.13,0
NQGM,30-May-2018,2348.69,2371.26,2347.49,2369.24,0
NQGS,30-May-2018,3489.23,3510.07,3486.36,3504.69,0
NSHD,30-May-2018,55,631,55,569,0
NSHF,30-May-2018,313,1985,313,1840,0
NSHR,30-May-2018,6.69,6.69,3.08,4.23,0
NSHU,30-May-2018,368,2490,368,2409,0
NVLD,30-May-2018,0.68,396.91,0.68,396.91,0
NVLF,30-May-2018,11.8,1970.64,11.8,1962.58,0
NVLR,30-May-2018,18.29,18.29,2.49,5.94,0
NVLU,30-May-2018,12.49,2365.21,12.49,2359.5,0
NXTQ,30-May-2018,474.27,477.72,473.93,476.52,0
NYA,30-May-2018,12514.33,12647.92,12514.33,12625.87,0
NYDA,30-May-2018,106,106,106,106,59900
NYDB,30-May-2018,54,54,54,54,39800
NYDC,30-May-2018,10,10,10,10,10300
NYDD,30-May-2018,2,2,2,2,3000
NYDE,30-May-2018,9,9,9,9,6500
NYDF,30-May-2018,5,5,5,5,2000
NYDG,30-May-2018,2,2,2,2,1500
NYDH,30-May-2018,12,12,12,12,24000
NYDI,30-May-2018,4,4,4,4,5700
NYDJ,30-May-2018,-7,-7,-7,-7,25000
NYHA,30-May-2018,115,115,115,115,59900
NYHB,30-May-2018,55,55,55,55,39800
NYHC,30-May-2018,11,11,11,11,10300
NYHD,30-May-2018,2,2,2,2,3000
NYHE,30-May-2018,9,9,9,9,6500
NYHF,30-May-2018,5,5,5,5,2000
NYHG,30-May-2018,2,2,2,2,1500
NYHH,30-May-2018,15,15,15,15,24000
NYHI,30-May-2018,4,4,4,4,5700
NYHJ,30-May-2018,8,8,8,8,25000
NYLA,30-May-2018,9,9,9,9,59900
NYLB,30-May-2018,1,1,1,1,39800
NYLC,30-May-2018,1,1,1,1,10300
NYLD,30-May-2018,0.01,0.01,0.01,0.01,3000
NYLE,30-May-2018,0.01,0.01,0.01,0.01,6500
NYLF,30-May-2018,0.01,0.01,0.01,0.01,2000
NYLG,30-May-2018,0.01,0.01,0.01,0.01,1500
NYLH,30-May-2018,3,3,3,3,24000
NYLI,30-May-2018,0.01,0.01,0.01,0.01,5700
NYLJ,30-May-2018,15,15,15,15,25000
OEX,30-May-2018,1185.85,1197.01,1185.01,1194.9,862276000
OFIN,30-May-2018,8189.39,8317.92,8189.13,8293.67,0
OILBR,30-May-2018,75.39,77.54,75.39,77.54,0
OILSW,30-May-2018,66.85,68.26,66.85,68.26,1694846
OIV,30-May-2018,26.9,27.09,26.41,26.44,0
ONE,30-May-2018,1185.85,1197.01,1185.01,1194.9,0
OSX,30-May-2018,156.85,160.81,156.82,159.75,0
OVX,30-May-2018,27.79,28.51,27.47,27.9,0
PLD,30-May-2018,969.2,979.3,966.3,975,7159
PLT,30-May-2018,905.6,911.9,903.5,908.5,22484
QSHD,30-May-2018,25,948,25,948,0
QSHF,30-May-2018,84,1579,84,1049,0
QSHR,30-May-2018,4.36,4.82,2.1,2.1,0
QSHU,30-May-2018,109,2183,109,1997,0
QVLD,30-May-2018,2.36,623.15,2.36,623.15,0
QVLF,30-May-2018,0.22,598.02,0.22,561.34,0
QVLR,30-May-2018,1.09,4.45,1.09,1.9,0
QVLU,30-May-2018,2.59,1184.5,2.59,1184.5,0
R1FD,30-May-2018,44.23,69.34,44.23,63.88,0
R1FI,30-May-2018,59.25,66.76,59.25,65.02,0
R1OF,30-May-2018,50,55.86,50,54.62,0
R1OH,30-May-2018,50.82,56.58,50.82,55.65,0
R1TH,30-May-2018,56.58,59.77,56.48,58.84,0
R1TW,30-May-2018,56.99,71.19,56.99,67.18,0
R2FD,30-May-2018,58.73,76.1,58.73,71.61,0
R2FI,30-May-2018,69.48,74.22,69.48,72.62,0
R2OF,30-May-2018,64.9,68.46,64.9,67.17,0
R2OH,30-May-2018,62.14,65.05,62.14,64.27,0
R2TH,30-May-2018,62.71,65.41,62.71,64.78,0
R2TW,30-May-2018,68.16,76.15,68.16,74.56,0
R3FD,30-May-2018,53.86,73.73,53.86,69.05,0
R3FI,30-May-2018,66.2,71.57,66.2,70.22,0
R3OF,30-May-2018,59.88,64.11,59.88,62.96,0
R3OH,30-May-2018,58.16,61.98,58.16,61.21,0
R3TH,30-May-2018,60.46,63.32,60.46,62.62,0
R3TW,30-May-2018,64.52,74.59,64.52,72.18,0
RTCM,30-May-2018,196.42,197.51,196.35,197.39,6252600
RTRE,30-May-2018,167.73,168.39,167.65,168.2,4960900
RVX,30-May-2018,16.39,16.39,14.36,15.39,0
S1FD,30-May-2018,27.18,59.22,27.18,57.28,0
S1FI,30-May-2018,57.28,62.13,56.31,60.19,0
S1OF,30-May-2018,39.8,49.51,38.83,44.66,0
S1OH,30-May-2018,43.68,52.42,43.68,51.45,0
S1TH,30-May-2018,52.42,56.31,51.45,55.33,0
S1TR,30-May-2018,240.05,242.66,240.05,242.11,0
S1TW,30-May-2018,52.42,68.93,52.42,67.96,0
S2TR,30-May-2018,619.59,633.71,619.59,632.08,0
S3TR,30-May-2018,1097.95,1112.72,1097.95,1110.64,0
S4FD,30-May-2018,59.14,80.7,59.14,72.93,0
S4FI,30-May-2018,69.67,74.93,69.67,72.43,0
S4OF,30-May-2018,60.65,64.41,60.65,62.9,0
S4OH,30-May-2018,58.39,64.16,58.39,63.4,0
S4TH,30-May-2018,61.4,64.16,61.4,63.65,0
S4TR,30-May-2018,404.36,409.8,404.36,409.37,0
S4TW,30-May-2018,65.66,75.93,65.66,73.18,0
S5FD,30-May-2018,33.13,63.88,33.13,58.92,0
S5FI,30-May-2018,53.37,62.3,53.37,60.91,0
S5OF,30-May-2018,43.05,50,43.05,48.41,0
S5OH,30-May-2018,45.83,53.17,45.83,51.98,0
S5TH,30-May-2018,54.56,58.13,53.76,56.94,0
S5TR,30-May-2018,500.92,503.32,498.7,501.91,0
S5TW,30-May-2018,50.19,68.45,50.19,64.88,0
S6CD,30-May-2018,589.68,593.57,587.45,591.94,0
S6CS,30-May-2018,1845.94,1890.24,1845.94,1884.48,0
S6EP,30-May-2018,617.84,640.41,617.84,637.69,0
S6FD,30-May-2018,64.16,81.16,64.16,78.16,0
S6FI,30-May-2018,73.33,78.33,73.33,76.83,0
S6FP,30-May-2018,1012.48,1031.65,1012.48,1029.25,0
S6HC,30-May-2018,2982.76,3030.28,2981.4,3022.89,0
S6IP,30-May-2018,1107.05,1127.3,1107.05,1123.88,0
S6MP,30-May-2018,537.79,545.92,537.54,542.95,0
S6OF,30-May-2018,66.83,71.66,66.83,69.66,0
S6OH,30-May-2018,62.16,66.66,62.16,65.66,0
S6TH,30-May-2018,64.83,67,64.83,67,0
S6TP,30-May-2018,716.38,725.12,716.38,720.78,0
S6TR,30-May-2018,1483.54,1498.91,1483.54,1495.97,0
S6TW,30-May-2018,74.66,83.16,74.66,82,0
S6UP,30-May-2018,656.66,667.9,656.54,665.61,0
S7TR,30-May-2018,992.29,1014.33,992.29,1010.99,0
S8TR,30-May-2018,958.72,992.32,958.72,988.57,0
S9TR,30-May-2018,523.61,533.65,523.61,532.55,0
SAAB,30-May-2018,2036.19,2036.19,1996.07,2000.3,0
SACC,30-May-2018,4193.42,4193.67,4135.4,4160.77,0
SACN,30-May-2018,277.8,278.16,276.1,277.77,0
SAER,30-May-2018,82.14,82.2,80.2,80.81,0
SAIE,30-May-2018,220.78,221.31,218.97,221.31,0
SAIU,30-May-2018,195.31,198.05,195.15,197.59,0
SAJR,30-May-2018,162.83,162.83,159.21,160.19,0
SAJT,30-May-2018,126.27,126.27,123.67,124.46,0
SANA,30-May-2018,4438.86,4468.72,4436.09,4460.96,0
SANC,30-May-2018,4189.47,4211.46,4160.64,4184.92,0
SAPE,30-May-2018,4282.44,4282.44,4212.99,4218.23,0
SAPT,30-May-2018,107.15,107.3,105.68,106.76,0
SAPU,30-May-2018,3600.33,3606.56,3519.23,3529.69,0
SAQA,30-May-2018,3799.02,3832.03,3791.24,3820.85,0
SAQE,30-May-2018,2916.47,2916.47,2891.52,2912.9,0
SAUE,30-May-2018,155.55,155.67,151.88,153.04,0
SBAI,30-May-2018,95.95,97.03,94.71,96.31,0
SBER,30-May-2018,51.92,51.95,51.46,51.79,0
SBES,30-May-2018,1462.15,1462.15,1435.47,1438.69,0
SBFD,30-May-2018,16,36,12,24,0
SBFI,30-May-2018,56,64,52,60,0
SBIX,30-May-2018,329.95,333.16,328.19,332.3,0
SBNP,30-May-2018,2342.85,2376.75,2342.85,2372.27,0
SBOF,30-May-2018,48,52,44,44,0
SBOH,30-May-2018,52,56,52,52,0
SBSE,30-May-2018,2294.31,2294.31,2254.95,2266.77,0
SBSU,30-May-2018,1988.95,1988.95,1973.47,1977.45,0
SBTH,30-May-2018,64,64,60,60,0
SBTR,30-May-2018,55.4,55.43,54.91,55.26,0
SBTW,30-May-2018,40,52,40,48,0
SBUP,30-May-2018,4753.39,4838.71,4753.39,4827.48,0
SCBR,30-May-2018,46.4,47.02,46.38,47.01,0
SCII,30-May-2018,80.77,80.78,79.64,80.05,0
SCIR,30-May-2018,241.48,242.35,237.42,241.99,0
SCIS,30-May-2018,225.76,226.57,221.96,226.24,0
SCIT,30-May-2018,420.6,422.11,413.53,421.49,0
SCPC,30-May-2018,2534.46,2534.46,2481.48,2491.43,0
SCRC,30-May-2018,4350.24,4350.24,4270.49,4277.86,0
SCRE,30-May-2018,5984.3,5984.8,5860.31,5883.28,0
SCSC,30-May-2018,3343.91,3343.91,3273.01,3274.04,0
SCSE,30-May-2018,3222.74,3222.74,3160.92,3162.45,0
SCUT,30-May-2018,1537.23,1537.23,1507.37,1508.89,0
SCWI,30-May-2018,192.85,192.99,190.2,191.96,0
SCWP,30-May-2018,322.04,322.64,319.91,322.61,0
SCYE,30-May-2018,118.71,118.92,118.65,118.89,0
SCYI,30-May-2018,138.29,138.54,138.23,138.51,0
SDDE,30-May-2018,541.16,549.7,541.16,548.4,0
SDEW,30-May-2018,1534.51,1563.81,1534.51,1559.32,0
SDIP,30-May-2018,123.6,123.68,123.09,123.14,0
SDIS,30-May-2018,134.37,134.46,133.81,133.87,0
SDIT,30-May-2018,147.91,148.01,147.3,147.36,0
SDPI,30-May-2018,1632.45,1637.88,1623.68,1635.03,0
SDTI,30-May-2018,1930.97,1936.67,1919.88,1933.3,0
SDTR,30-May-2018,1193.8,1212.16,1193.8,1209.03,0
SDTS,30-May-2018,1092.35,1095.11,1090.93,1095.11,0
SDTT,30-May-2018,1289.3,1289.3,1283.99,1288.9,0
SEAN,30-May-2018,826.78,826.78,809.5,810.8,0
SEBI,30-May-2018,2360.68,2361.2,2332.97,2338.21,0
SECA,30-May-2018,270.07,274.14,268.84,273.83,0
SECB,30-May-2018,260.3,264.23,259.12,263.93,0
SECC,30-May-2018,453.56,460.17,451.28,459.65,0
SEFD,30-May-2018,25.8,90.32,25.8,83.87,0
SEFI,30-May-2018,77.41,87.09,77.41,83.87,0
SEIB,30-May-2018,2786.51,2786.51,2725.75,2736.89,0
SEIE,30-May-2018,206.14,206.55,204.22,206.55,0
SEIT,30-May-2018,153.4,153.94,152.49,153.89,0
SEIU,30-May-2018,201.95,204.02,201.46,203.72,0
SEMT,30-May-2018,1467.3,1467.3,1452.49,1457.44,0
SEOF,30-May-2018,67.74,77.41,64.51,74.19,0
SEOH,30-May-2018,67.74,77.41,67.74,77.41,0
SETH,30-May-2018,67.74,77.41,67.74,74.19,0
SETW,30-May-2018,35.48,61.29,35.48,58.06,0
SFFD,30-May-2018,7.35,23.52,7.35,19.11,0
SFFI,30-May-2018,32.35,39.7,32.35,38.23,0
SFOF,30-May-2018,26.47,27.94,25,26.47,0
SFOH,30-May-2018,36.76,41.17,33.82,39.7,0
SFTH,30-May-2018,54.41,57.35,45.58,55.88,0
SFTR,30-May-2018,1300.62,1324.6,1300.62,1320.89,0
SFTW,30-May-2018,19.11,36.76,19.11,30.88,0
SG0A,30-May-2018,278.04,278.04,274.63,277.38,0
SG0B,30-May-2018,73.87,73.87,72.97,73.7,0
SG0C,30-May-2018,778.41,778.41,768.88,776.55,0
SG0D,30-May-2018,39.09,39.09,38.41,38.6,0
SG0E,30-May-2018,411.96,411.96,404.76,406.72,0
SG0F,30-May-2018,361.38,371.75,359.86,371.58,0
SG0G,30-May-2018,346.52,356.47,345.07,356.3,0
SG0H,30-May-2018,3651.66,3756.67,3636.37,3754.8,0
SG0I,30-May-2018,392.55,403.06,390.09,402.48,0
SG1A,30-May-2018,836.07,857.74,829.96,856.33,0
SG1B,30-May-2018,358.9,358.9,345.65,349.07,0
SG1C,30-May-2018,9.55,9.55,9.2,9.29,0
SG1D,30-May-2018,100.72,100.72,97.01,97.97,0
SG1E,30-May-2018,145.64,146.15,144.31,145.37,0
SG1F,30-May-2018,31.58,31.69,31.29,31.52,0
SG1G,30-May-2018,64.96,65.19,64.37,64.84,0
SG1H,30-May-2018,152.91,154.53,152.47,154.23,0
SG1I,30-May-2018,70.58,71.33,70.38,71.19,0
SG1J,30-May-2018,304.54,312.7,302.63,312.24,0
SG2A,30-May-2018,642.46,663.06,637.53,661.44,0
SG2B,30-May-2018,431.53,445.36,428.21,444.27,0
SG2C,30-May-2018,611.38,630.98,606.68,629.44,0
SG2D,30-May-2018,98.07,99.8,97.95,99.33,0
SG2E,30-May-2018,8.94,9.1,8.93,9.06,0
SG2F,30-May-2018,31.09,31.64,31.05,31.49,0
SG2G,30-May-2018,92.6,94.07,92.22,92.64,0
SG2H,30-May-2018,9.62,9.77,9.58,9.62,0
SG2I,30-May-2018,47.11,47.88,46.92,47.13,0
SG2J,30-May-2018,83.28,84.16,83.04,84,0
SG3A,30-May-2018,595.51,595.51,584,593.94,0
SG3B,30-May-2018,4140.89,4140.89,4060.54,4130.02,0
SG3C,30-May-2018,330.23,330.23,322.6,324.87,0
SG3D,30-May-2018,7.56,7.56,7.38,7.43,0
SG3E,30-May-2018,79.71,79.71,77.86,78.41,0
SG3F,30-May-2018,132.62,137.03,129.79,131.6,0
SG3G,30-May-2018,55.01,56.83,53.83,54.58,0
SG3H,30-May-2018,382.41,395.13,374.25,379.46,0
SG3I,30-May-2018,365.72,375.26,363.75,373.83,0
SG3J,30-May-2018,485.82,485.82,476.42,484.54,0
SG4A,30-May-2018,543.77,557.11,539.95,554.83,0
SG4B,30-May-2018,364.26,371.53,362.44,370.97,0
SG4C,30-May-2018,103.73,105.8,103.21,105.64,0
SG4D,30-May-2018,181.09,184.59,180.06,184.3,0
SG4E,30-May-2018,136.54,139.85,135.79,139.6,0
SG4F,30-May-2018,518.35,530.51,515.12,529.53,0
SG4G,30-May-2018,171.26,175.78,170.31,175.48,0
SG4H,30-May-2018,112.8,115.77,112.18,115.58,0
SG4I,30-May-2018,138.64,142.32,137.82,142.06,0
SG4J,30-May-2018,197.92,203.08,196.85,202.3,0
SG5A,30-May-2018,407.71,417.03,406.33,415.66,0
SG5B,30-May-2018,577.63,590.85,575.69,588.9,0
SG5C,30-May-2018,759.25,761.87,756.87,760.65,0
SG5D,30-May-2018,104.48,104.84,104.15,104.67,0
SG5E,30-May-2018,689.03,690.93,686.39,689.83,0
SG5F,30-May-2018,362,362,353.04,355.55,0
SG5G,30-May-2018,24.72,24.72,24.11,24.28,0
SG5H,30-May-2018,260.54,260.54,254.08,255.89,0
SG5I,30-May-2018,264.85,270.92,263.74,270.28,0
SG5J,30-May-2018,618.79,632.94,616.7,630.85,0
SG6A,30-May-2018,895.62,916.15,891.88,913.97,0
SG6B,30-May-2018,205.02,205.46,202.11,205.13,0
SG6C,30-May-2018,1425.77,1428.87,1405.58,1426.52,0
SG6D,30-May-2018,170.83,170.83,164.69,166,0
SG6E,30-May-2018,19.64,19.64,18.93,19.08,0
SG6F,30-May-2018,27.83,27.83,26.83,27.04,0
SG6G,30-May-2018,366.85,367.3,362.2,365.01,0
SG6H,30-May-2018,226.06,226.34,223.2,224.93,0
SG6I,30-May-2018,394.41,394.89,389.41,392.43,0
SG6J,30-May-2018,236.12,241.53,235.14,240.96,0
SG7A,30-May-2018,17.68,17.99,17.67,17.96,0
SG7B,30-May-2018,129.36,131.66,129.32,131.45,0
SG7C,30-May-2018,411.18,413.93,409.05,413.69,0
SG7D,30-May-2018,210.68,212.03,209.53,211.91,0
SG7E,30-May-2018,2219.34,2233.55,2207.26,2232.28,0
SG7F,30-May-2018,346.24,356.48,344.96,356.48,0
SG7G,30-May-2018,319.71,329.17,318.53,329.17,0
SG7H,30-May-2018,3369.17,3468.79,3356.71,3468.79,0
SG7I,30-May-2018,169.57,173.7,169.5,173.65,0
SG7J,30-May-2018,115.63,117.68,115.59,117.5,0
SG8A,30-May-2018,135.92,136.06,134.23,135.07,0
SG8B,30-May-2018,10.18,10.19,10.05,10.12,0
SG8C,30-May-2018,18.57,18.59,18.34,18.45,0
SG8D,30-May-2018,238.91,243.4,235.45,242.5,0
SG8E,30-May-2018,198.63,202.37,195.76,201.62,0
SG8F,30-May-2018,373.35,380.38,367.96,378.98,0
SG8G,30-May-2018,176.37,176.41,175.02,176.18,0
SG8H,30-May-2018,352.19,352.29,349.51,351.84,0
SG8I,30-May-2018,1858.01,1858.37,1843.75,1856.04,0
SG8J,30-May-2018,1786.44,1829.98,1785.66,1829.44,0
SG9A,30-May-2018,63.66,64.54,63.3,64.46,0
SG9B,30-May-2018,105.01,106.47,104.41,106.34,0
SG9C,30-May-2018,485.76,493.38,483.35,492.79,0
SG9D,30-May-2018,410.03,416.24,407.79,415.74,0
SG9E,30-May-2018,4283.28,4348.17,4259.86,4342.97,0
SG9F,30-May-2018,202.05,205.2,201.02,204.94,0
SG9G,30-May-2018,87.31,88.63,86.82,88.52,0
SG9H,30-May-2018,734.43,745.49,730.32,744.57,0
SG9I,30-May-2018,251.87,258.49,250.38,257.95,0
SG9J,30-May-2018,235.75,239.16,234.53,238.86,0
SGAA,30-May-2018,1695.38,1698.04,1686.29,1697.11,0
SGAB,30-May-2018,1752.6,1753.81,1727.03,1736.18,0
SGAC,30-May-2018,4524.66,4550.96,4509.24,4543.82,0
SGAD,30-May-2018,4679.58,4679.58,4634.49,4668.64,0
SGCC,30-May-2018,275.59,279.74,274.26,279.41,0
SGCR,30-May-2018,147.65,148.26,145.98,148.01,0
SGDO,30-May-2018,144.49,145.66,144.23,145.52,0
SGIA,30-May-2018,219.06,225.68,219.06,224.89,0
SGIB,30-May-2018,779.33,787.07,779.33,785.6,0
SGID,30-May-2018,754.52,766.01,754.52,762.76,0
SGIF,30-May-2018,218.91,219.9,218.12,218.12,0
SGIR,30-May-2018,136.85,137.21,135.33,137,0
SGJ,30-May-2018,233.3,238.95,232.01,238.51,0
SGK,30-May-2018,314.76,314.76,309.24,310.75,0
SGLN,30-May-2018,257.76,257.8,255.06,256.82,0
SGLS,30-May-2018,226.19,226.24,223.85,225.36,0
SGMA,30-May-2018,210.27,210.82,207.93,210.5,0
SGME,30-May-2018,1475.78,1476.93,1465.46,1470.51,0
SGMU,30-May-2018,1160.07,1166.5,1153.46,1160.77,0
SGON,30-May-2018,396.38,399.59,395.66,399.21,0
SGP,30-May-2018,1702.5,1709.83,1697.23,1707.1,0
SGPA,30-May-2018,236.55,237.52,233.87,237.11,0
SGPG,30-May-2018,151.98,151.98,149.87,150.44,0
SGPP,30-May-2018,74.75,75.84,74.35,75.75,0
SGPR,30-May-2018,53.7,53.7,52.96,53.16,0
SGPT,30-May-2018,130.5,132.4,129.8,132.24,0
SGQA,30-May-2018,1141.64,1170.62,1133.92,1168.19,0
SGQB,30-May-2018,255.46,262.02,254,261.52,0
SGQC,30-May-2018,321.52,329.51,319.45,328.89,0
SGQD,30-May-2018,1219.5,1249.82,1211.65,1247.45,0
SGQE,30-May-2018,171.93,172.56,171.29,172.29,0
SGQF,30-May-2018,1556.37,1562.06,1550.55,1559.6,0
SGQG,30-May-2018,444.28,449.07,442.1,448.68,0
SGQH,30-May-2018,233.74,236.16,232.5,235.96,0
SGQI,30-May-2018,2462.14,2487.7,2449.1,2485.54,0
SGQJ,30-May-2018,300.99,308.63,298.95,307.99,0
SGRC,30-May-2018,127.03,127.2,125.27,126.56,0
SGRE,30-May-2018,99.54,99.67,98.16,99.17,0
SGRG,30-May-2018,30.83,30.83,30.4,30.52,0
SGRM,30-May-2018,137.51,139.12,137.05,138.9,0
SGRT,30-May-2018,88.42,88.49,86.34,86.99,0
SGSA,30-May-2018,799.46,809.08,797.11,807.81,0
SGSB,30-May-2018,61.44,62.18,61.26,62.09,0
SGSC,30-May-2018,556.44,563.13,554.8,562.25,0
SGSD,30-May-2018,409.13,409.62,402.87,406.15,0
SGSE,30-May-2018,261.88,265.82,260.61,265.51,0
SGSF,30-May-2018,413.87,414.37,407.54,410.86,0
SGSG,30-May-2018,4363,4368.29,4296.32,4331.24,0
SGSH,30-May-2018,131.15,132.73,128.94,132.63,0
SGSJ,30-May-2018,10.05,10.17,9.88,10.16,0
SGSK,30-May-2018,91.01,92.18,89.48,92.04,0
SGSM,30-May-2018,195.3,195.95,194.14,195.88,0
SGSN,30-May-2018,2057.34,2064.22,2045.18,2063.52,0
SGSO,30-May-2018,453.9,463.12,452.06,461.4,0
SGSP,30-May-2018,1110.32,1132.86,1105.8,1128.66,0
SGSQ,30-May-2018,2868.89,2927.15,2857.21,2916.27,0
SGSR,30-May-2018,364.03,364.03,350.46,354.19,0
SGSS,30-May-2018,7.8,7.8,7.51,7.59,0
SGST,30-May-2018,82.28,82.28,79.22,80.06,0
SGSU,30-May-2018,243.26,247.99,239.8,246.33,0
SGSV,30-May-2018,71.85,73.25,70.83,72.76,0
SGSW,30-May-2018,147.8,150.67,145.69,149.66,0
SGSX,30-May-2018,385.08,386.44,382.86,386.31,0
SGT,30-May-2018,2760.01,2800.15,2745.25,2796.85,0
SGTR,30-May-2018,257.21,258.25,254.29,257.8,0
SGV,30-May-2018,263.73,270.14,263.59,270.08,0
SGWN,30-May-2018,2865.17,2869.95,2848.19,2869.95,0
SGWP,30-May-2018,2484.3,2487.94,2469.17,2487.94,0
SGWT,30-May-2018,168.86,169.9,167.76,169.8,0
SGX,30-May-2018,477.07,484.26,474.76,483.68,0
SGY,30-May-2018,387.27,388.1,381.77,387.47,0
SHTR,30-May-2018,1295.37,1315.26,1295.37,1310.21,0
SIDO,30-May-2018,2115.2,2121.67,2104.9,2120.78,0
SIFD,30-May-2018,22.85,61.42,21.42,52.85,0
SIFI,30-May-2018,52.85,58.57,51.42,57.14,0
SIII,30-May-2018,1564.57,1576.87,1557.42,1572.14,0
SIIP,30-May-2018,93.88,94.21,93.71,93.73,0
SIIS,30-May-2018,102.83,103.19,102.64,102.66,0
SIIT,30-May-2018,112.35,112.74,112.14,112.17,0
SIOF,30-May-2018,34.28,41.42,34.28,38.57,0
SIOH,30-May-2018,44.28,52.85,44.28,48.57,0
SIPR,30-May-2018,1212.39,1212.39,1200.33,1204.42,0
SIRI,30-May-2018,167.67,167.8,167.62,167.8,0
SIRP,30-May-2018,126.88,127.38,125.94,127.35,0
SITH,30-May-2018,57.14,60,55.71,60,0
SITR,30-May-2018,544.98,557.08,544.98,555.17,0
SITW,30-May-2018,64.28,84.28,61.42,80,0
SIUT,30-May-2018,23.17,23.17,22.48,22.57,0
SIV,30-May-2018,18.04,18.87,17.28,18.76,0
SJPA,30-May-2018,1580.82,1581.06,1565.99,1570.35,0
SJPB,30-May-2018,1891.52,1893.45,1875.08,1878.68,0
SJPC,30-May-2018,3146.47,3148.03,3120.5,3126.11,0
SJPD,30-May-2018,1402.74,1402.74,1388.98,1393.38,0
SJPE,30-May-2018,1527.02,1529.15,1513.34,1518.34,0
SJRI,30-May-2018,2984.41,2990.53,2945.47,2950.42,0
SJTR,30-May-2018,1425.11,1444.4,1425.11,1434.28,0
SKFD,30-May-2018,41.66,61.11,37.5,56.94,0
SKFI,30-May-2018,73.61,79.16,73.61,76.38,0
SKOF,30-May-2018,63.88,69.44,62.5,66.66,0
SKOH,30-May-2018,68.05,73.61,68.05,72.22,0
SKTH,30-May-2018,76.38,80.55,75,75,0
SKTR,30-May-2018,608.22,616.38,608.22,614.76,0
SKTW,30-May-2018,58.33,72.22,56.94,68.05,0
SLAC,30-May-2018,5192.96,5242.55,5165.56,5211.74,0
SLCN,30-May-2018,240.72,244.24,240.72,243.74,0
SLCT,30-May-2018,320.69,325.37,320.69,324.71,0
SLCU,30-May-2018,294.25,298.55,294.25,297.94,0
SLEE,30-May-2018,124.69,124.82,123.32,124.69,0
SLER,30-May-2018,64.07,64.14,63.37,64.07,0
SLEW,30-May-2018,1186.63,1206.77,1186.63,1204.12,0
SLFD,30-May-2018,54.34,60.86,50,54.34,0
SLFI,30-May-2018,45.65,45.65,39.13,41.3,0
SLOF,30-May-2018,36.95,43.47,36.95,36.95,0
SLOH,30-May-2018,45.65,45.65,43.47,43.47,0
SLPE,30-May-2018,1082.34,1082.34,1072.87,1078.32,0
SLPX,30-May-2018,267.32,271.74,266.71,271.39,0
SLRT,30-May-2018,68.97,69.05,68.22,68.98,0
SLTH,30-May-2018,43.47,45.65,41.3,45.65,0
SLTW,30-May-2018,54.34,60.86,54.34,56.52,0
SLUN,30-May-2018,6930.6,7135.75,6930.6,7108.35,0
SLUT,30-May-2018,9069.66,9216.92,9040.75,9203.89,0
SLV,30-May-2018,16.38,16.58,16.33,16.54,104493
SML,30-May-2018,1008.51,1020.54,1007.98,1018.46,391117400
SMPR,30-May-2018,1253.79,1253.79,1241.36,1246.56,0
SMRW,30-May-2018,6809.01,6955.22,6809.01,6928.39,0
SMSS,30-May-2018,7423.02,7529.24,7423.02,7511.35,0
SMTI,30-May-2018,1506.69,1506.71,1491.78,1498.02,0
SMTR,30-May-2018,238.41,239,235.73,238.64,0
SMXT,30-May-2018,160.38,160.77,158.83,160.04,0
SNAC,30-May-2018,337.25,337.27,332.29,333.32,0
SNCH,30-May-2018,152.66,152.66,150.65,151.01,0
SNCT,30-May-2018,192.9,192.9,189.65,190.11,0
SNER,30-May-2018,77.14,77.21,75.86,76.59,0
SNNE,30-May-2018,3164.26,3173.27,3146.15,3168.65,0
SNNT,30-May-2018,4126.64,4176.01,4115.63,4175.32,0
SNRE,30-May-2018,2382.33,2396.81,2366.61,2396.81,0
SNRT,30-May-2018,83.04,83.12,81.67,82.45,0
SNRU,30-May-2018,2727.97,2772.25,2720.9,2765.33,0
SNTE,30-May-2018,204.19,204.19,200.75,201.27,0
SNUI,30-May-2018,128.5,128.62,126.39,127.59,0
SOBC,30-May-2018,24.82,25,24.21,24.28,0
SOCC,30-May-2018,28.64,28.89,28.05,28.15,0
SOTR,30-May-2018,626.34,629.53,625.59,628.05,0
SP500,30-May-2018,2702.43,2729.34,2702.43,2724.01,2032100000
SPAA,30-May-2018,85.09,86.25,84.72,86.06,0
SPAB,30-May-2018,116.82,117.39,115.76,117.39,0
SPAC,30-May-2018,68.48,69.63,68.4,69.47,0
SPAD,30-May-2018,619.26,622.44,616.26,621.81,0
SPEE,30-May-2018,145.14,145.2,143.96,144.8,0
SPER,30-May-2018,650.16,653.51,647.01,652.84,0
SPEY,30-May-2018,140.32,141.21,140.16,140.93,0
SPFD,30-May-2018,45.45,87.87,45.45,84.84,0
SPFI,30-May-2018,33.33,45.45,33.33,45.45,0
SPIN,30-May-2018,240.8,242.39,240.16,241.49,0
SPIR,30-May-2018,196.03,196.96,195.14,196.22,0
SPLR,30-May-2018,680.97,684.2,677.89,681.65,0
SPOF,30-May-2018,24.24,30.3,24.24,30.3,0
SPOH,30-May-2018,24.24,36.36,24.24,36.36,0
SPPR,30-May-2018,966.74,981.82,966.21,980.35,0
SPRL,30-May-2018,147.44,148.37,147.08,148.33,0
SPRT,30-May-2018,1132.28,1138.11,1126.8,1136.94,0
SPTH,30-May-2018,30.3,39.39,30.3,36.36,0
SPTW,30-May-2018,54.54,78.78,54.54,72.72,0
SPUS,30-May-2018,214.31,214.4,212.42,214.01,0
SPX,30-May-2018,2702.43,2729.34,2702.43,2724.01,0
SPXT,30-May-2018,5311.36,5364.21,5311.36,5353.76,0
SQTR,30-May-2018,1975.2,1999.21,1975.2,1995.85,0
SRER,30-May-2018,135.97,136.07,135.93,136.07,0
SRFF,30-May-2018,103.55,103.57,103.55,103.57,0
SRFI,30-May-2018,445.67,455.68,445.67,454.32,0
SRIC,30-May-2018,4237.54,4237.54,4198.84,4213.63,0
SRIE,30-May-2018,4570.46,4570.46,4492.21,4515.91,0
SRMP,30-May-2018,1640.71,1671.34,1635.31,1666.05,0
SRPR,30-May-2018,176.55,178.9,176.34,178.44,0
SRTR,30-May-2018,380.52,387.09,379.41,385.72,0
SRWI,30-May-2018,7530.65,7653.85,7530.65,7637.79,0
SS1E,30-May-2018,2823.84,2860.41,2823.84,2850.31,0
SS1J,30-May-2018,2206.93,2284.85,2206.93,2273.9,0
SS2E,30-May-2018,3554.57,3588.79,3552.11,3582.1,0
SS2J,30-May-2018,3663.6,3718.54,3663.6,3709.27,0
SS3E,30-May-2018,11096.33,11279.34,11096.33,11245.81,0
SS3J,30-May-2018,4231.61,4298.49,4229.2,4288.36,0
SS4E,30-May-2018,9572.92,9695.04,9572.92,9654.28,0
SS4J,30-May-2018,3790.44,3870.68,3790.44,3858.2,0
SS5E,30-May-2018,1320.25,1334.48,1314.57,1331.46,0
SS5J,30-May-2018,910.59,918.48,908.29,916.82,0
SSAE,30-May-2018,472.43,472.43,459.5,462.03,0
SSAI,30-May-2018,735.18,735.18,715.05,718.98,0
SSAU,30-May-2018,530.06,530.06,520.2,521.03,0
SSAX,30-May-2018,5118.55,5119.63,5017.7,5031.14,0
SSBE,30-May-2018,3173.28,3173.28,3118.96,3135.41,0
SSBR,30-May-2018,2927.86,2933.09,2916.34,2926.61,0
SSCA,30-May-2018,319.4,319.41,315.72,316.49,0
SSCB,30-May-2018,278.67,280.7,276.43,278.68,0
SSCE,30-May-2018,308.42,308.73,306.16,308.7,0
SSCH,30-May-2018,646.38,646.4,637.57,638.92,0
SSCK,30-May-2018,291.16,291.18,288.71,289.9,0
SSCL,30-May-2018,256.91,259.44,254.8,259.28,0
SSCM,30-May-2018,9055.93,9189.4,9055.93,9170.63,0
SSCP,30-May-2018,214.25,214.52,211,211.58,0
SSCQ,30-May-2018,463.32,469.83,463.05,469.17,0
SSCS,30-May-2018,411.19,411.47,407.86,411.25,0
SSCU,30-May-2018,390.4,394.94,389.74,393.63,0
SSCW,30-May-2018,316.24,317.02,314.09,317,0
SSDI,30-May-2018,9.5,9.98,9.5,9.98,0
SSEN,30-May-2018,227.73,227.82,225.93,227.82,0
SSER,30-May-2018,223.88,224.15,223.14,223.36,0
SSEW,30-May-2018,345.16,347.34,342.97,347.14,0
SSFB,30-May-2018,33.14,33.74,33.13,33.73,0
SSFD,30-May-2018,39.39,96.96,39.39,96.96,0
SSFI,30-May-2018,54.54,84.84,54.54,84.84,0
SSGA,30-May-2018,185.1,185.21,183.19,184.37,0
SSGC,30-May-2018,287.43,289.86,286.09,289.67,0
SSGD,30-May-2018,3377.83,3407.18,3376.92,3405.01,0
SSGE,30-May-2018,2347.43,2417.27,2345.87,2411.97,0
SSGF,30-May-2018,1401.24,1415.23,1393.47,1413.45,0
SSGG,30-May-2018,265.9,266.27,262.8,266.16,0
SSGH,30-May-2018,3110.92,3154.07,3108.17,3147.99,0
SSGI,30-May-2018,4243.82,4266.76,4231.25,4261.48,0
SSGL,30-May-2018,2322.76,2344.27,2316.06,2342.27,0
SSGM,30-May-2018,2766.15,2790.88,2754.41,2788.09,0
SSGN,30-May-2018,2709.31,2726.99,2699.31,2724.88,0
SSGO,30-May-2018,375.3,385.09,373.28,383.63,0
SSGP,30-May-2018,231.8,233.76,230.72,233.6,0
SSGR,30-May-2018,403.69,406.97,401.68,406.7,0
SSGS,30-May-2018,2692.18,2714.47,2687.51,2712.27,0
SSGT,30-May-2018,1089.22,1097.89,1088.14,1097.26,0
SSGU,30-May-2018,1458.02,1472.87,1457.08,1471.8,0
SSGX,30-May-2018,531.55,545.41,528.68,543.34,0
SSGZ,30-May-2018,927.33,950.08,920.81,946.2,0
SSHE,30-May-2018,1418.85,1425.76,1418.27,1424.13,0
SSHJ,30-May-2018,1691.69,1692.21,1680.37,1683.37,0
SSHX,30-May-2018,2386.93,2420.35,2386.93,2415.42,0
SSIA,30-May-2018,95.1,96.38,94.2,95.28,0
SSIB,30-May-2018,33.69,34.15,33.37,33.76,0
SSIC,30-May-2018,58.7,59.49,58.14,58.81,0
SSIP,30-May-2018,112.66,112.89,112.36,112.36,0
SSIS,30-May-2018,122.26,122.51,121.93,121.93,0
SSIT,30-May-2018,134.82,135.09,134.46,134.46,0
SSLF,30-May-2018,1132.95,1134.29,1127.15,1130.49,0
SSLS,30-May-2018,218.6,218.79,217.83,218.02,0
SSNI,30-May-2018,168.74,171.55,168.6,170.96,0
SSOF,30-May-2018,57.57,78.78,57.57,78.78,0
SSOH,30-May-2018,21.21,36.36,21.21,36.36,0
SSPA,30-May-2018,1552.22,1578.68,1552.22,1576.1,0
SSPE,30-May-2018,1549.5,1556.08,1546.68,1554.32,0
SSPF,30-May-2018,769.52,771.93,760.79,768.39,0
SSPI,30-May-2018,1833.34,1845.99,1832.56,1842.66,0
SSPL,30-May-2018,778.03,784.92,778.03,783.69,0
SSPN,30-May-2018,6172.99,6235.78,6172.99,6223.24,0
SSPT,30-May-2018,1056.29,1066.63,1056.29,1062.28,0
SSPU,30-May-2018,1615.7,1628.41,1612.22,1626.79,0
SSRF,30-May-2018,771.97,772.12,770.76,772.09,0
SSRW,30-May-2018,7982.48,8130.1,7982.48,8114.2,0
SSTH,30-May-2018,24.24,33.33,24.24,30.3,0
SSTR,30-May-2018,287.44,287.88,286.58,286.86,0
SSTU,30-May-2018,382.82,386.84,381.31,386.01,0
SSTW,30-May-2018,51.51,96.96,51.51,90.9,0
SSUC,30-May-2018,308.87,311.44,307.35,311.22,0
SSUP,30-May-2018,66.73,67.26,66.38,67.21,0
SSUT,30-May-2018,116.23,117.16,115.62,117.07,0
SSWP,30-May-2018,96.93,97.54,96.31,97.48,0
STCE,30-May-2018,633.17,633.17,626.52,632.08,0
STCL,30-May-2018,612.31,615.84,608.78,615.19,0
STFE,30-May-2018,2142.43,2151.12,2126.18,2151.12,0
STFU,30-May-2018,2070.11,2096.59,2065.17,2093.61,0
STIC,30-May-2018,1273.51,1273.51,1262.4,1273.14,0
STIF,30-May-2018,1867.99,1873.3,1857.37,1870.59,0
STIL,30-May-2018,1234.16,1263.2,1226.29,1258.7,0
STIR,30-May-2018,2434.5,2465.16,2429.5,2464.8,0
STIS,30-May-2018,1084.09,1089.99,1080.77,1089.99,0
STMP,30-May-2018,276.48,281.47,276.48,281.33,0
STNC,30-May-2018,734.44,738.13,733.57,735.81,13466200
STNU,30-May-2018,768.87,770.83,764.96,770.44,13518300
STRA,30-May-2018,151.72,153.3,151.72,153.25,0
STRB,30-May-2018,122.08,122.56,122.04,122.56,0
STRC,30-May-2018,135.55,136.51,135.55,136.5,0
STRD,30-May-2018,119.3,119.58,119.19,119.58,0
STRL,30-May-2018,5496.3,5563.11,5457.59,5536.73,0
STRN,30-May-2018,4749.6,4796.86,4749.6,4787.52,0
STRS,30-May-2018,169.37,169.37,166.86,167.19,0
STRT,30-May-2018,357.17,360.56,357.17,359.93,0
STRU,30-May-2018,867.87,879.21,867.13,877.21,0
STSI,30-May-2018,1060.7,1066.26,1033.36,1037.17,0
STSU,30-May-2018,1222.05,1222.05,1200,1201.66,0
STSY,30-May-2018,1105.14,1105.25,1097.74,1100.79,0
STTR,30-May-2018,1412.47,1416.19,1409.49,1412.29,0
SUCD,30-May-2018,345.81,349.17,345.81,348.7,0
SUCS,30-May-2018,350.42,355.81,350.42,355.03,0
SUEP,30-May-2018,394,407.69,394,406.05,0
SUFD,30-May-2018,60.71,92.85,60.71,89.28,0
SUFI,30-May-2018,42.85,60.71,42.85,60.71,0
SUFP,30-May-2018,189.95,194.22,189.95,193.64,0
SUHC,30-May-2018,371.63,375.94,371.63,374.78,0
SUIP,30-May-2018,376.51,380.87,376.45,380.13,0
SUJP,30-May-2018,163.41,163.41,161.3,161.61,0
SUKP,30-May-2018,1534.91,1546.99,1531.97,1546.99,0
SUKS,30-May-2018,1240.61,1252.62,1237.52,1252.01,0
SUMI,30-May-2018,313.71,317.89,313.71,317.03,0
SUNI,30-May-2018,123.34,124.69,122.85,124.43,0
SUOF,30-May-2018,53.57,64.28,53.57,64.28,0
SUOH,30-May-2018,28.57,42.85,28.57,39.28,0
SUPI,30-May-2018,300.76,303.71,299.46,303.06,0
SURI,30-May-2018,296.9,302.17,295.86,301.22,0
SUTH,30-May-2018,25,35.71,25,35.71,0
SUTP,30-May-2018,170.04,171.54,170.04,171.28,0
SUTW,30-May-2018,57.14,89.28,57.14,89.28,0
SVFD,30-May-2018,37.09,75.8,29.03,69.35,0
SVFI,30-May-2018,58.06,64.51,56.45,62.9,0
SVOF,30-May-2018,37.09,48.38,37.09,45.16,0
SVOH,30-May-2018,50,59.67,50,58.06,0
SVTH,30-May-2018,61.29,61.29,59.67,61.29,0
SVTR,30-May-2018,164.03,164.06,159.1,162.88,0
SVTW,30-May-2018,59.67,74.19,56.45,69.35,0
SW0B,30-May-2018,62.16,63.72,62.03,63.71,0
SW0C,30-May-2018,83.38,83.79,82.76,83.79,0
SW0D,30-May-2018,115.28,115.36,114.31,114.99,0
SW0E,30-May-2018,131.09,131.19,129.91,130.94,0
SW0F,30-May-2018,146.23,146.49,145.67,146.42,0
SW0G,30-May-2018,157.23,158.38,156.7,158.36,0
SW0H,30-May-2018,68.74,68.76,68.07,68.75,0
SW0I,30-May-2018,152.71,152.82,151.06,152.15,0
SW1A,30-May-2018,52.56,53.04,52.41,53.04,0
SW1B,30-May-2018,468.58,469.32,465.24,469.29,0
SW1C,30-May-2018,295.42,295.51,293.36,295.48,0
SW1J,30-May-2018,77.52,78.14,77.3,78.12,0
SWFI,30-May-2018,1097.57,1122.16,1097.57,1118.74,0
SWIB,30-May-2018,2534.74,2544.38,2530.43,2544.3,0
SWIT,30-May-2018,3272.98,3287.41,3262.7,3281.34,0
SWML,30-May-2018,377.51,384.91,377.51,384.7,0
SWSP,30-May-2018,278.73,284.23,277.13,283.79,0
SWTE,30-May-2018,371.07,376.37,371.07,375.62,0
SWTM,30-May-2018,493.74,501.36,493.74,500.1,0
SWTS,30-May-2018,464.68,473.29,464.68,471.91,0
SWTT,30-May-2018,384.76,390.33,384.76,389.54,0
SWUB,30-May-2018,2047.71,2077.72,2047.71,2072.8,0
SWUL,30-May-2018,1036.97,1042.26,1036.17,1037.42,0
SWUT,30-May-2018,2867.72,2912.46,2867.72,2904.31,0
SXTR,30-May-2018,659.09,665.5,656.36,664.13,0
SYFD,30-May-2018,43.9,63.41,43.9,56.09,0
SYFI,30-May-2018,51.21,59.75,51.21,56.09,0
SYOF,30-May-2018,37.8,45.12,37.8,42.68,0
SYOH,30-May-2018,46.34,50,43.9,50,0
SYTH,30-May-2018,52.43,57.31,52.43,54.87,0
SYTR,30-May-2018,1073.16,1093.12,1073.16,1089.72,0
SYTW,30-May-2018,53.65,63.41,53.65,59.75,0
SZTR,30-May-2018,2661.79,2695.04,2661.79,2691.99,0
TACK,30-May-2018,10003,10416,9816,9955,0
TACX,30-May-2018,3,416,-184,-45,0
TICK,30-May-2018,9991,10881,9501,9672,0
TICX,30-May-2018,-9,881,-499,-328,0
TNX,30-May-2018,2.86,2.86,2.82,2.84,0
TOOC,30-May-2018,18505.09,18593.87,18466.03,18593.56,187813100
TQCK,30-May-2018,10001,10674,9562,9562,0
TQCX,30-May-2018,1,674,-438,-438,0
TRIA,30-May-2018,0.97,1.39,0.55,0.55,0
TRIN,30-May-2018,0.36,1.68,0.36,0.7,0
TRIQ,30-May-2018,3.97,3.97,0.69,1.1,0
TTCD,30-May-2018,218.76,219.87,218.5,219.44,6130500
TTCS,30-May-2018,525.93,529.38,525.31,527.99,3450200
TTEN,30-May-2018,199.79,202.6,199.79,202.36,50085300
TTFS,30-May-2018,297.85,298.03,295.73,297.86,24574100
TTGD,30-May-2018,189.98,191.67,189.11,190.1,45241900
TTHC,30-May-2018,92.95,93.51,92.4,93.16,11331800
TTIN,30-May-2018,253.85,257.19,253.66,257.07,25291000
TTMT,30-May-2018,246.85,248.62,246.36,248.57,37118300
TTRE,30-May-2018,308.58,309.95,308.32,309.61,6089200
TTTK,30-May-2018,78.71,78.93,78.37,78.89,3612600
TTTS,30-May-2018,160.05,160.6,159.3,159.57,2531800
TTUT,30-May-2018,224.8,225.14,223.74,225.01,4771800
TXBE,30-May-2018,196.68,199.08,196.68,199.07,43667800
TXBM,30-May-2018,130.64,132.68,130.49,132.64,43548600
TXCT,30-May-2018,139.72,139.8,138.7,139.18,2350700
TXCX,30-May-2018,15972.31,16048.93,15938.59,16048.66,187813100
TXDC,30-May-2018,127.74,128.33,127.45,128.33,117177600
TXDE,30-May-2018,332.49,332.49,329.5,331.91,11074100
TXDV,30-May-2018,254.99,256.39,254.46,256.34,53247200
TXEI,30-May-2018,106.81,107.3,106.5,107.3,44714300
TXEW,30-May-2018,147.89,148.87,147.72,148.84,86014600
TXFO,30-May-2018,995.94,1002.37,995.75,1002.36,101798500
TXGM,30-May-2018,73.54,74.31,73.51,74.2,101671900
TXOE,30-May-2018,240.3,242.72,240.09,242.7,26477400
TXPR,30-May-2018,704.92,707.29,704.24,706.82,1651200
TXSC,30-May-2018,1045.04,1049.51,1042.16,1049.48,86014600
TXSI,30-May-2018,129.85,130.94,129.7,130.86,15238900
TXSX,30-May-2018,945.06,949.09,942.45,949.07,86014600
TXTW,30-May-2018,645.87,649.68,645.44,649.63,68220400
TYX,30-May-2018,3.05,3.05,3,3.01,0
UNCA,30-May-2018,30,30,8,18,7566500
UNCD,30-May-2018,1,4,1,4,4900
UNCE,30-May-2018,23,131,5,131,4191300
UNCN,30-May-2018,77,77,19,43,79379600
UNCQ,30-May-2018,174,174,81,136,28870000
UNCS,30-May-2018,114,207,114,204,23724600
UNCT,30-May-2018,281,281,126,197,115816100
UNCV,30-May-2018,135,364,135,364,46727400
UNCX,30-May-2018,249,568,249,568,70452000
UOI,30-May-2018,13.52,13.85,13.49,13.77,0
UTY,30-May-2018,639.92,647.79,638.87,646.34,0
UVCA,30-May-2018,0.1,8.08,0.09,7.56,0
UVCD,30-May-2018,1.66,2.18,1.66,2.18,0
UVCE,30-May-2018,0.41,9.25,0.11,4.19,0
UVCN,30-May-2018,1.27,79.38,1.27,79.37,0
UVCQ,30-May-2018,0.76,32.93,0.76,28.87,0
UVCS,30-May-2018,2.48,23.72,2.48,23.72,0
UVCT,30-May-2018,2.14,120.37,2.14,115.81,0
UVCV,30-May-2018,8.28,46.72,8.28,46.72,0
UVCX,30-May-2018,10.77,70.45,10.77,70.45,0
VFWA,30-May-2018,16.92,17.04,16.46,16.61,0
VFWB,30-May-2018,18.49,18.68,18.3,18.57,0
VIX,30-May-2018,16.6,16.64,14.65,14.94,0
VVOL,30-May-2018,18.27,18.43,18.04,18.28,0
VWA,30-May-2018,16.35,17.67,14.9,15.21,0
VWB,30-May-2018,15.49,15.96,14.39,14.65,0
VXB,30-May-2018,15.95,16.36,14.65,14.92,0
VXD,30-May-2018,17.29,17.29,15.05,15.55,0
VXDE,30-May-2018,17.57,17.66,16.56,17.35,0
VXJU,30-May-2018,16.06,16.08,13.99,14.28,0
VXMA,30-May-2018,17.74,17.8,17.17,17.61,0
VXN,30-May-2018,18.42,18.42,16.96,17.07,0
VXO,30-May-2018,14.83,15.14,13.33,13.56,0
VXSE,30-May-2018,16.8,16.85,16.16,16.3,0
VXV,30-May-2018,16.56,16.6,15.86,16,0
WIV,30-May-2018,32.15,32.25,29.08,30.05,0
WIX,30-May-2018,32.15,32.25,29.08,30.05,0
XAU,30-May-2018,83.35,84.2,83.3,83.85,0
XAX,30-May-2018,2722.39,2780.97,2717.16,2778.44,0
XDS,30-May-2018,101.01,101.24,100.92,101.07,0
XEO,30-May-2018,1185.85,1197.01,1185.01,1194.9,0
XMI,30-May-2018,2406.43,2435.51,2406.43,2431.52,0
XOI,30-May-2018,1509.43,1546.78,1509.43,1540.27,0
XSP,30-May-2018,270.24,272.93,270.24,272.4,0
Y0FD,30-May-2018,41.48,42.96,38.51,39.75,0
Y0FI,30-May-2018,36.54,37.03,34.07,34.07,0
Y0OF,30-May-2018,32.09,33.08,30.86,31.35,0
Y0OH,30-May-2018,35.8,36.54,34.81,34.81,0
Y0TH,30-May-2018,41.23,42.96,41.23,42.71,0
Y0TW,30-May-2018,40.74,42.46,39.75,40.74,0
Y1FD,30-May-2018,18.18,36.36,9.09,36.36,0
Y1FI,30-May-2018,72.72,81.81,72.72,81.81,0
Y1OF,30-May-2018,54.54,68.18,54.54,63.63,0
Y1OH,30-May-2018,50,54.54,50,50,0
Y1TH,30-May-2018,50,54.54,50,50,0
Y1TW,30-May-2018,63.63,77.27,63.63,77.27,0
Y2FD,30-May-2018,20,40,13.33,33.33,0
Y2FI,30-May-2018,73.33,86.66,73.33,86.66,0
Y2OF,30-May-2018,60,73.33,60,66.66,0
Y2OH,30-May-2018,60,66.66,60,60,0
Y2TH,30-May-2018,60,66.66,60,60,0
Y2TW,30-May-2018,66.66,80,60,80,0
Y3FD,30-May-2018,20.4,41.15,20.4,40.13,0
Y3FI,30-May-2018,45.57,57.14,44.55,57.14,0
Y3OF,30-May-2018,32.65,38.43,32.65,37.41,0
Y3OH,30-May-2018,29.59,36.39,29.59,34.69,0
Y3TH,30-May-2018,42.17,48.97,42.17,48.97,0
Y3TW,30-May-2018,31.97,39.79,31.63,39.79,0
Y5FD,30-May-2018,43.77,55.02,41.76,55.02,0
Y5FI,30-May-2018,67.87,69.07,61.84,69.07,0
Y5OF,30-May-2018,55.02,58.23,54.21,58.23,0
Y5OH,30-May-2018,49.39,52.61,47.79,52.2,0
Y5TH,30-May-2018,50.6,53.01,49.39,53.01,0
Y5TW,30-May-2018,50.6,56.22,48.19,55.02,0
Y6FD,30-May-2018,27.27,40.9,22.72,27.27,0
Y6FI,30-May-2018,63.63,63.63,54.54,59.09,0
Y6OF,30-May-2018,40.9,45.45,40.9,45.45,0
Y6OH,30-May-2018,36.36,36.36,36.36,36.36,0
Y6TH,30-May-2018,36.36,45.45,36.36,40.9,0
Y6TW,30-May-2018,63.63,63.63,45.45,50,0
Y7FD,30-May-2018,72.72,81.81,63.63,72.72,0
Y7FI,30-May-2018,72.72,72.72,63.63,63.63,0
Y7OF,30-May-2018,72.72,72.72,63.63,72.72,0
Y7OH,30-May-2018,54.54,63.63,54.54,63.63,0
Y7TH,30-May-2018,54.54,54.54,54.54,54.54,0
Y7TW,30-May-2018,81.81,81.81,81.81,81.81,0
Y8FD,30-May-2018,56.75,91.89,54.05,86.48,0
Y8FI,30-May-2018,62.16,72.97,56.75,70.27,0
Y8OF,30-May-2018,64.86,70.27,64.86,70.27,0
Y8OH,30-May-2018,59.45,62.16,59.45,62.16,0
Y8TH,30-May-2018,59.45,59.45,59.45,59.45,0
Y8TW,30-May-2018,16.21,40.54,16.21,37.83,0
Y9FD,30-May-2018,3.7,11.11,3.7,11.11,0
Y9FI,30-May-2018,62.96,62.96,48.14,59.25,0
Y9OF,30-May-2018,29.62,29.62,18.51,25.92,0
Y9OH,30-May-2018,22.22,22.22,14.81,22.22,0
Y9TH,30-May-2018,25.92,25.92,18.51,25.92,0
Y9TW,30-May-2018,29.62,40.74,22.22,40.74,0
YAFD,30-May-2018,73.8,78.57,45.23,57.14,0
YAFI,30-May-2018,59.52,59.52,50,54.76,0
YAOF,30-May-2018,52.38,54.76,45.23,50,0
YAOH,30-May-2018,52.38,52.38,45.23,52.38,0
YATH,30-May-2018,42.85,47.61,38.09,42.85,0
YATW,30-May-2018,50,54.76,35.71,38.09,0
YBFD,30-May-2018,22.22,33.33,11.11,33.33,0
YBFI,30-May-2018,44.44,44.44,44.44,44.44,0
YBOF,30-May-2018,33.33,33.33,33.33,33.33,0
YBOH,30-May-2018,33.33,33.33,33.33,33.33,0
YBTH,30-May-2018,44.44,55.55,44.44,55.55,0
YBTW,30-May-2018,55.55,77.77,55.55,66.66,0
YCFD,30-May-2018,44.44,66.66,40.74,66.66,0
YCFI,30-May-2018,74.07,81.48,70.37,81.48,0
YCOF,30-May-2018,62.96,62.96,62.96,62.96,0
YCOH,30-May-2018,59.25,70.37,59.25,70.37,0
YCTH,30-May-2018,74.07,77.77,70.37,77.77,0
YCTW,30-May-2018,62.96,74.07,59.25,74.07,0
YDFD,30-May-2018,62.26,73.58,37.73,64.15,0
YDFI,30-May-2018,73.58,73.58,64.15,69.81,0
YDOF,30-May-2018,56.6,62.26,56.6,62.26,0
YDOH,30-May-2018,58.49,58.49,52.83,58.49,0
YDTH,30-May-2018,54.71,56.6,50.94,54.71,0
YDTW,30-May-2018,54.71,60.37,50.94,56.6,0
YEFD,30-May-2018,33.33,47.61,23.8,42.85,0
YEFI,30-May-2018,76.19,85.71,76.19,85.71,0
YEOF,30-May-2018,61.9,76.19,61.9,71.42,0
YEOH,30-May-2018,61.9,66.66,61.9,61.9,0
YETH,30-May-2018,61.9,66.66,61.9,61.9,0
YETW,30-May-2018,76.19,76.19,57.14,71.42,0
YFFD,30-May-2018,40,55,35,45,0
YFFI,30-May-2018,70,70,60,60,0
YFOF,30-May-2018,65,70,55,65,0
YFOH,30-May-2018,55,55,55,55,0
YFTH,30-May-2018,55,60,55,60,0
YFTW,30-May-2018,60,60,45,45,0
YGFD,30-May-2018,0.01,66.66,0.01,0.01,0
YGFI,30-May-2018,100,100,33.33,66.66,0
YGOF,30-May-2018,33.33,33.33,33.33,33.33,0
YGOH,30-May-2018,0.01,33.33,0.01,0.01,0
YGTH,30-May-2018,0.01,0.01,0.01,0.01,0
YGTW,30-May-2018,66.66,66.66,33.33,33.33,0
YHFD,30-May-2018,26.66,46.66,13.33,46.66,0
YHFI,30-May-2018,46.66,46.66,40,46.66,0
YHOF,30-May-2018,40,40,33.33,40,0
YHOH,30-May-2018,26.66,26.66,20,26.66,0
YHTH,30-May-2018,20,20,20,20,0
YHTW,30-May-2018,40,46.66,33.33,40,0
YIFD,30-May-2018,44,54,38,48,0
YIFI,30-May-2018,70,72,66,72,0
YIOF,30-May-2018,56,60,52,58,0
YIOH,30-May-2018,54,56,50,54,0
YITH,30-May-2018,58,58,54,58,0
YITW,30-May-2018,60,64,56,62,0
YJFD,30-May-2018,12.5,46.87,12.5,43.75,0
YJFI,30-May-2018,37.5,50,37.5,50,0
YJOF,30-May-2018,25,40.62,25,40.62,0
YJOH,30-May-2018,37.5,43.75,37.5,37.5,0
YJTH,30-May-2018,43.75,46.87,43.75,46.87,0
YJTW,30-May-2018,15.62,31.25,15.62,31.25,0
YKFD,30-May-2018,12.5,46.87,12.5,43.75,0
YKFI,30-May-2018,37.5,50,37.5,50,0
YKOF,30-May-2018,25,40.62,25,40.62,0
YKOH,30-May-2018,37.5,43.75,37.5,37.5,0
YKTH,30-May-2018,43.75,46.87,43.75,46.87,0
YKTW,30-May-2018,15.62,31.25,15.62,31.25,0
YLFD,30-May-2018,43.77,55.02,41.76,55.02,0
YLFI,30-May-2018,67.87,69.07,61.84,69.07,0
YLOF,30-May-2018,55.02,58.23,54.21,58.23,0
YLOH,30-May-2018,49.39,52.61,47.79,52.2,0
YLTH,30-May-2018,50.6,53.01,49.39,53.01,0
YLTW,30-May-2018,50.6,56.22,48.19,55.02,0
YMFD,30-May-2018,57.89,63.15,42.1,52.63,0
YMFI,30-May-2018,63.15,63.15,52.63,57.89,0
YMOF,30-May-2018,47.36,47.36,42.1,47.36,0
YMOH,30-May-2018,31.57,31.57,21.05,26.31,0
YMTH,30-May-2018,31.57,31.57,21.05,26.31,0
YMTW,30-May-2018,63.15,63.15,52.63,52.63,0
YNFD,30-May-2018,43.14,54.83,41.12,54.83,0
YNFI,30-May-2018,67.74,69.35,61.69,69.35,0
YNOF,30-May-2018,54.43,57.66,53.62,57.66,0
YNOH,30-May-2018,48.79,52.01,47.17,51.61,0
YNTH,30-May-2018,50,52.41,48.79,52.41,0
YNTW,30-May-2018,50.4,56.45,47.98,55.24,0
YOFD,30-May-2018,36.7,51.06,36.17,51.06,0
YOFI,30-May-2018,66.48,67.55,59.57,67.55,0
YOOF,30-May-2018,51.06,54.78,50,54.78,0
YOOH,30-May-2018,44.68,48.93,43.08,48.4,0
YOTH,30-May-2018,46.27,48.93,45.21,48.93,0
YOTW,30-May-2018,49.46,55.31,46.27,54.78,0
YPFD,30-May-2018,0.01,0.01,0.01,0.01,0
YPFI,30-May-2018,66.66,66.66,50,50,0
YPOF,30-May-2018,33.33,33.33,16.66,33.33,0
YPOH,30-May-2018,33.33,33.33,16.66,33.33,0
YPTH,30-May-2018,50,50,33.33,50,0
YPTW,30-May-2018,16.66,16.66,16.66,16.66,0
YQFD,30-May-2018,39.5,49.38,35.8,49.38,0
YQFI,30-May-2018,67.9,67.9,59.25,65.43,0
YQOF,30-May-2018,49.38,49.38,46.91,49.38,0
YQOH,30-May-2018,40.74,46.91,37.03,46.91,0
YQTH,30-May-2018,43.2,48.14,40.74,48.14,0
YQTW,30-May-2018,53.08,59.25,48.14,58.02,0
YRFD,30-May-2018,21.62,36.48,20.27,36.48,0
YRFI,30-May-2018,59.45,60.81,54.05,60.81,0
YROF,30-May-2018,40.54,44.59,36.48,43.24,0
YROH,30-May-2018,28.37,35.13,27.02,33.78,0
YRTH,30-May-2018,31.08,35.13,29.72,35.13,0
YRTW,30-May-2018,40.54,50,37.83,48.64,0
YSFD,30-May-2018,46.66,61.66,45,58.33,0
YSFI,30-May-2018,81.66,83.33,70,81.66,0
YSOF,30-May-2018,61.66,65,58.33,65,0
YSOH,30-May-2018,55,61.66,51.66,61.66,0
YSTH,30-May-2018,56.66,63.33,53.33,61.66,0
YSTW,30-May-2018,53.33,58.33,48.33,56.66,0
YTFD,30-May-2018,42.85,53.96,40.74,53.96,0
YTFI,30-May-2018,63.49,65.07,59.25,65.07,0
YTOF,30-May-2018,52.91,56.08,52.91,56.08,0
YTOH,30-May-2018,47.61,49.73,46.03,49.2,0
YTTH,30-May-2018,48.67,50.26,47.61,50.26,0
YTTW,30-May-2018,49.73,56.08,47.08,54.49,0
YUFD,30-May-2018,75.67,81.08,43.24,59.45,0
YUFI,30-May-2018,56.75,56.75,48.64,54.05,0
YUOF,30-May-2018,51.35,54.05,43.24,51.35,0
YUOH,30-May-2018,51.35,51.35,43.24,51.35,0
YUTH,30-May-2018,43.24,48.64,37.83,43.24,0
YUTW,30-May-2018,48.64,54.05,37.83,40.54,0
YVFD,30-May-2018,50,58.51,36.17,51.06,0
YVFI,30-May-2018,56.38,57.44,51.06,57.44,0
YVOF,30-May-2018,47.87,53.19,46.8,52.12,0
YVOH,30-May-2018,52.12,52.12,47.87,51.06,0
YVTH,30-May-2018,47.87,51.06,47.87,47.87,0
YVTW,30-May-2018,41.48,44.68,36.17,39.36,0
YWFD,30-May-2018,48,76,48,74,0
YWFI,30-May-2018,68,74,64,72,0
YWOF,30-May-2018,62,70,60,70,0
YWOH,30-May-2018,60,62,60,62,0
YWTH,30-May-2018,60,60,60,60,0
YWTW,30-May-2018,24,42,24,40,0
YXFD,30-May-2018,51.72,79.31,48.27,79.31,0
YXFI,30-May-2018,58.62,72.41,51.72,72.41,0
YXOF,30-May-2018,55.17,62.06,51.72,62.06,0
YXOH,30-May-2018,41.37,51.72,41.37,51.72,0
YXTH,30-May-2018,41.37,48.27,41.37,48.27,0
YXTW,30-May-2018,27.58,48.27,24.13,44.82,0
YYFD,30-May-2018,44.44,66.66,40.74,66.66,0
YYFI,30-May-2018,74.07,81.48,70.37,81.48,0
YYOF,30-May-2018,62.96,62.96,62.96,62.96,0
YYOH,30-May-2018,59.25,70.37,59.25,70.37,0
YYTH,30-May-2018,74.07,77.77,70.37,77.77,0
YYTW,30-May-2018,62.96,74.07,59.25,74.07,0
YZFD,30-May-2018,24,32,14,32,0
YZFI,30-May-2018,66,68,58,68,0
YZOF,30-May-2018,42,46,40,44,0
YZOH,30-May-2018,30,36,28,34,0
YZTH,30-May-2018,34,36,30,34,0
YZTW,30-May-2018,50,56,42,56,0
Z0FD,30-May-2018,83.33,91.66,75,91.66,0
Z0FI,30-May-2018,75,83.33,66.66,83.33,0
Z0OF,30-May-2018,75,75,75,75,0
Z0OH,30-May-2018,66.66,75,66.66,75,0
Z0TH,30-May-2018,66.66,75,66.66,75,0
Z0TW,30-May-2018,33.33,41.66,33.33,33.33,0
Z1FD,30-May-2018,13.02,35.29,13.02,34.03,0
Z1FI,30-May-2018,41.59,53.78,39.49,53.78,0
Z1OF,30-May-2018,27.73,33.61,27.31,31.51,0
Z1OH,30-May-2018,26.47,34.03,26.47,32.77,0
Z1TH,30-May-2018,42.85,49.57,42.43,49.57,0
Z1TW,30-May-2018,22.68,30.67,20.58,30.67,0
Z2FD,30-May-2018,46.66,61.66,45,58.33,0
Z2FI,30-May-2018,81.66,83.33,70,81.66,0
Z2OF,30-May-2018,61.66,65,58.33,65,0
Z2OH,30-May-2018,55,61.66,51.66,61.66,0
Z2TH,30-May-2018,56.66,63.33,53.33,61.66,0
Z2TW,30-May-2018,53.33,58.33,48.33,56.66,0
Z3FD,30-May-2018,46.66,61.66,45,58.33,0
Z3FI,30-May-2018,81.66,83.33,70,81.66,0
Z3OF,30-May-2018,61.66,65,58.33,65,0
Z3OH,30-May-2018,55,61.66,51.66,61.66,0
Z3TH,30-May-2018,56.66,63.33,53.33,61.66,0
Z3TW,30-May-2018,53.33,58.33,48.33,56.66,0
Z4FD,30-May-2018,38,54,36,54,0
Z4FI,30-May-2018,70,74,62,74,0
Z4OF,30-May-2018,52,56,52,56,0
Z4OH,30-May-2018,46,46,42,44,0
Z4TH,30-May-2018,42,44,42,42,0
Z4TW,30-May-2018,54,64,50,62,0
Z5FD,30-May-2018,38.34,45.63,34.46,45.63,0
Z5FI,30-May-2018,55.33,57.28,52.42,55.33,0
Z5OF,30-May-2018,49.51,50,47.57,50,0
Z5OH,30-May-2018,49.51,50,48.54,50,0
Z5TH,30-May-2018,47.57,48.05,46.11,46.6,0
Z5TW,30-May-2018,42.71,45.14,39.8,42.71,0
